company_id,company_name,inn,ogrn_year,region,okved_code,okved_section,founder_id,address_hash
C0001,ООО «Строй-Плюс-001»,7680402501,2019,Ненецкий АО,25.11,Производство металлоконструкций,FND-81426,5d50d22735a7
C0002,ООО «Союз-Инвест-002»,3193008687,2008,Курганская обл.,62.01,Разработка ПО,FND-26361,38ccdf8d538d
C0003,ПАО «Трейд-Корп-003»,679883481,2020,Ивановская обл.,86.21,Частная медицина,FND-37460,f06ae085fe74
C0004,ПАО «Партнёр-Маркет-004»,1396568720,2015,Архангельская обл.,10.71,Производство хлебобулочных изделий,FND-62581,6b4e2b937613
C0005,ООО «Техно-Логистик-005»,3942252583,2020,Ульяновская обл.,20.16,Производство пластмасс,FND-28131,e85cc63b4f0f
C0006,ПАО «Прогресс-Ко-006»,6535425961,2023,Республика Крым,46.9,Оптовая торговля,FND-44973,6fe6a8a6e6cb
C0007,ПАО «Капитал-Плюс-007»,5168513199,2019,Москва,43.21,Электромонтажные работы,FND-88504,be3b0b544433
C0008,ООО «Омега-Маркет-008»,8904077145,2019,Тульская обл.,69.2,Аудит и бухгалтерия,FND-79163,84fec9a8e458
C0009,ПАО «Монолит-Инвест-009»,9645123522,2018,Ростовская обл.,11.01,Производство алкогольных напитков,FND-92719,eeb69a3cb923
C0010,ПАО «Строй-Холдинг-010»,6219547810,2012,Мурманская обл.,46.9,Оптовая торговля,FND-56438,f75b757d3459
C0011,ООО «Северный-Корп-011»,3821442294,2012,Чувашская Республика,46.9,Оптовая торговля,FND-22833,ce78d1da254c
C0012,ООО «Южный-Логистик-012»,4891039726,2018,Севастополь,47.11,Розничная торговля,FND-96752,8207f8d79c22
C0013,ООО «Партнёр-Сервис-013»,558190156,2023,Республика Крым,49.41,Грузоперевозки автомобильным транспортом,FND-62923,d46e1fcf4c07
C0014,ПАО «Сигма-Инвест-014»,6532632164,2023,Республика Крым,52.29,Транспортная логистика,FND-11220,054ab8970236
C0015,ПАО «Логист-Плюс-015»,9883187696,2023,Республика Крым,25.11,Производство металлоконструкций,FND-97538,a2b15837edac
C0016,АО «Промт-Групп-016»,7122368529,2015,Новосибирская обл.,25.11,Производство металлоконструкций,FND-22097,f75b757d3459
C0017,ПАО «Логист-Плюс-017»,7540089585,2015,Тюменская обл.,47.11,Розничная торговля,FND-66333,bf424cb7b0de
C0018,ПАО «Строй-Инжиниринг-018»,1784619898,2018,Республика Дагестан,46.9,Оптовая торговля,FND-13248,6c990b7aca7b
C0019,АО «Прогресс-Ко-019»,7304193882,2018,Республика Алтай,55.1,Гостиницы,FND-35313,ac10ec1ace51
C0020,АО «Техно-Пром-020»,3959191921,2019,Мурманская обл.,10.71,Производство хлебобулочных изделий,FND-55309,5ef99d16d195
C0021,АО «Омега-Корп-021»,4586971499,2018,Республика Тыва,25.11,Производство металлоконструкций,FND-51145,71e09b16e21f
C0022,АО «Северный-Корп-022»,2149696350,2021,Рязанская обл.,2.4,Лесозаготовка,FND-69325,544defa9fddf
C0023,ПАО «Трейд-Пром-023»,4971056387,2022,Пензенская обл.,70.22,Управленческий консалтинг,FND-39444,f8037f94e53f
C0024,АО «Южный-Инжиниринг-024»,5733168887,2012,Ульяновская обл.,52.29,Транспортная логистика,FND-33053,18c7c32f90d2
C0025,АО «Вектор-Ко-025»,4553748849,2012,Республика Коми,52.29,Транспортная логистика,FND-30861,24389bfe4fe2
C0026,АО «Техно-Маркет-026»,2022351267,2023,Нижегородская обл.,62.01,Разработка ПО,FND-64377,87475f2c1909
C0027,АО «Капитал-Торг-027»,9085492388,2021,Курганская обл.,55.1,Гостиницы,FND-81582,c8b783b9d0a8
C0028,ООО «Северный-Сервис-028»,6778995956,2022,Самарская обл.,52.29,Транспортная логистика,FND-94246,b47767f992ce
C0029,АО «Трейд-Логистик-029»,3737820059,2021,Удмуртская Республика,43.21,Электромонтажные работы,FND-39389,c21002f464c5
C0030,ООО «Инвест-Трейд-030»,6241942369,2018,Пермский край,46.9,Оптовая торговля,FND-31465,5a9542c77301
C0031,АО «Союз-Маркет-031»,661786197,2021,Удмуртская Республика,62.02,IT-консалтинг,FND-79827,448d5eda7989
C0032,АО «Инвест-Логистик-032»,1968747928,2008,Курганская обл.,2.4,Лесозаготовка,FND-73372,8a7cf65139a9
C0033,ООО «Логист-Логистик-033»,2463081273,2018,Чеченская Республика,20.16,Производство пластмасс,FND-46211,4cdcf18ba72a
C0034,АО «Ресурс-Ко-034»,2474024263,2021,Чувашская Республика,10.71,Производство хлебобулочных изделий,FND-79588,cb41f167917e
C0035,АО «Монолит-Холдинг-035»,2737961725,2022,Республика Хакасия,70.22,Управленческий консалтинг,FND-88222,fcfe9c770eb9
C0036,АО «Альфа-Корп-036»,5295618485,2015,Костромская обл.,62.02,IT-консалтинг,FND-72746,29263a8cf61f
C0037,ООО «Инвест-Групп-037»,4060153917,2022,Республика Ингушетия,62.01,Разработка ПО,FND-88135,943aa0fcda4e
C0038,ПАО «Южный-Холдинг-038»,5090762025,2019,Алтайский край,68.2,Аренда недвижимости,FND-10350,4ddb5b8d603f
C0039,АО «Союз-Холдинг-039»,7469766945,2018,Чукотский АО,1.11,Выращивание зерновых,FND-29528,48a79bcf6049
C0040,ПАО «Партнёр-Торг-040»,9443425458,2019,Курская обл.,46.9,Оптовая торговля,FND-89129,5e02b868a916
C0041,ПАО «Инвест-Холдинг-041»,5715429489,2008,Костромская обл.,20.16,Производство пластмасс,FND-55607,1e7875cf32d3
C0042,АО «Союз-Логистик-042»,2985433945,2023,Республика Крым,25.11,Производство металлоконструкций,FND-96200,0cc6928e741d
C0043,ПАО «Восточный-Ко-043»,212840677,2022,Пензенская обл.,49.41,Грузоперевозки автомобильным транспортом,FND-55977,09ab23b6b607
C0044,АО «Промт-Инжиниринг-044»,8475289253,2012,Чеченская Республика,52.29,Транспортная логистика,FND-76616,b166b57d1953
C0045,АО «Инвест-Трейд-045»,2259415355,2023,Орловская обл.,55.1,Гостиницы,FND-52176,05b8caaf6ba6
C0046,ООО «Атлас-Корп-046»,4939761919,2021,Брянская обл.,20.16,Производство пластмасс,FND-23154,cdbc9bca0a9f
C0047,ПАО «Вектор-Групп-047»,4936688833,2021,Сахалинская обл.,47.11,Розничная торговля,FND-80912,30bb3825e8f6
C0048,АО «Промт-Ко-048»,6846907231,2012,Республика Хакасия,62.02,IT-консалтинг,FND-64008,499864301513
C0049,ПАО «Мастер-Маркет-049»,4526468425,2021,Ростовская обл.,43.21,Электромонтажные работы,FND-55977,09ab23b6b607
C0050,АО «Трейд-Инвест-050»,8133260830,2023,Республика Крым,55.1,Гостиницы,FND-89482,e025b6279c1b
C0051,ПАО «Финанс-Сервис-051»,2127761060,2018,Республика Бурятия,62.02,IT-консалтинг,FND-14373,c622c085c04e
C0052,ПАО «Южный-Плюс-052»,2783521999,2020,Кировская обл.,10.71,Производство хлебобулочных изделий,FND-54396,7302e3f5e7c0
C0053,ПАО «Партнёр-Инжиниринг-053»,9983705466,2018,Республика Северная Осетия,41.2,Строительство зданий,FND-59941,5a2a330b175f
C0054,АО «Бизнес-Маркет-054»,6647610091,2023,Ярославская обл.,1.11,Выращивание зерновых,FND-80457,04048aeca2c0
C0055,АО «Техно-Групп-055»,8692624239,2015,Вологодская обл.,11.01,Производство алкогольных напитков,FND-81364,c344336196d5
C0056,ООО «Мастер-Маркет-056»,6507215072,2022,Белгородская обл.,49.41,Грузоперевозки автомобильным транспортом,FND-40539,543bec10c832
C0057,ООО «Ресурс-Холдинг-057»,7181375021,2015,Смоленская обл.,47.11,Розничная торговля,FND-78955,09fb05dd477d
C0058,ПАО «Промт-Логистик-058»,5907854904,2023,Забайкальский край,68.2,Аренда недвижимости,FND-65872,7eb7eabbe9bd
C0059,АО «Бизнес-Плюс-059»,265395460,2012,Пермский край,68.2,Аренда недвижимости,FND-95814,3ba07b63865f
C0060,АО «Атлас-Логистик-060»,3733296400,2018,Мурманская обл.,55.1,Гостиницы,FND-22656,6933b5648c59
C0061,ПАО «Атлас-Инжиниринг-061»,1367879635,2023,Белгородская обл.,46.9,Оптовая торговля,FND-30280,3e883840fee4
C0062,ООО «Капитал-Холдинг-062»,5889866098,2020,Калужская обл.,69.2,Аудит и бухгалтерия,FND-13794,db5cea26ca37
C0063,ООО «Прогресс-Плюс-063»,5416072433,2020,Курская обл.,62.02,IT-консалтинг,FND-84395,c42f76f3b235
C0064,ПАО «Сигма-Холдинг-064»,4464253165,2008,Республика Хакасия,41.2,Строительство зданий,FND-97442,64eec0c3fb6b
C0065,АО «Трейд-Ко-065»,1230713758,2018,Ивановская обл.,86.21,Частная медицина,FND-19447,6a711a119a8a
C0066,АО «Премиум-Инвест-066»,5741038689,2012,Челябинская обл.,55.1,Гостиницы,FND-67240,c4492cbe90fb
C0067,АО «Партнёр-Сервис-067»,2706517396,2021,Тюменская обл.,56.1,Рестораны и кафе,FND-40968,5d79099fcdf4
C0068,ООО «Капитал-Инжиниринг-068»,4774956686,2012,Иркутская обл.,43.21,Электромонтажные работы,FND-67640,8597a6cfa74d
C0069,АО «Металл-Групп-069»,3408088654,2008,Чувашская Республика,62.02,IT-консалтинг,FND-15376,0d7f9017fbda
C0070,ПАО «Вектор-Трейд-070»,4889060795,2022,Республика Калмыкия,49.41,Грузоперевозки автомобильным транспортом,FND-30807,680390c55bbd
C0071,ПАО «Бизнес-Трейд-071»,7600627698,2020,Брянская обл.,56.1,Рестораны и кафе,FND-55977,09ab23b6b607
C0072,ООО «Бизнес-Корп-072»,9337868765,2023,Республика Крым,62.02,IT-консалтинг,FND-97878,33cf42b38bbc
C0073,АО «Капитал-Логистик-073»,1912755756,2018,Республика Тыва,69.2,Аудит и бухгалтерия,FND-43730,b4d8c3b407f9
C0074,ПАО «Восточный-Трейд-074»,4624274538,2015,Костромская обл.,43.21,Электромонтажные работы,FND-35430,30f48cd3c7e7
C0075,АО «Металл-Пром-075»,4116804397,2019,Новгородская обл.,68.2,Аренда недвижимости,FND-26341,722caafb4825
C0076,ООО «Инвест-Инвест-076»,988943330,2023,Ульяновская обл.,62.01,Разработка ПО,FND-13694,23e846638607
C0077,ООО «Монолит-Логистик-077»,6174002857,2015,Республика Хакасия,70.22,Управленческий консалтинг,FND-65476,0e087ec55dcb
C0078,АО «Техно-Ко-078»,6084565720,2018,Ивановская обл.,62.02,IT-консалтинг,FND-41531,52ff52aa56d1
C0079,ООО «Металл-Пром-079»,5953469207,2020,Удмуртская Республика,10.71,Производство хлебобулочных изделий,FND-41604,ef2a4be5473a
C0080,АО «Инвест-Инжиниринг-080»,1746680742,2023,Свердловская обл.,41.2,Строительство зданий,FND-36144,7f5d04d189df
C0081,АО «Логист-Трейд-081»,7137831387,2023,Томская обл.,2.4,Лесозаготовка,FND-54438,4aa0e93b9188
C0082,АО «Финанс-Групп-082»,7068530636,2023,Республика Саха (Якутия),69.2,Аудит и бухгалтерия,FND-31842,9d702ffd99ad
C0083,АО «Техно-Ко-083»,9063869167,2021,Краснодарский край,69.2,Аудит и бухгалтерия,FND-26545,c667d53acd89
C0084,ПАО «Вектор-Инжиниринг-084»,4340133290,2008,Оренбургская обл.,69.2,Аудит и бухгалтерия,FND-75410,97de76211cd2
C0085,ПАО «Восточный-Маркет-085»,9294184840,2023,Республика Крым,25.11,Производство металлоконструкций,FND-97535,5ba47c07b9b6
C0086,ООО «Союз-Корп-086»,9675121705,2019,Вологодская обл.,11.01,Производство алкогольных напитков,FND-71263,799fc232a527
C0087,ПАО «Южный-Ко-087»,4513045185,2022,Республика Адыгея,10.71,Производство хлебобулочных изделий,FND-33850,bdc4626aa1d1
C0088,ООО «Прогресс-Сервис-088»,9295201926,2019,Республика Калмыкия,25.11,Производство металлоконструкций,FND-79924,99adff456950
C0089,ООО «Мастер-Торг-089»,7685800656,2023,Республика Крым,20.16,Производство пластмасс,FND-64602,7380ad8a6732
C0090,АО «Строй-Ко-090»,8446144318,2019,Архангельская обл.,11.01,Производство алкогольных напитков,FND-55268,90fd26a243f6
C0091,ООО «Восточный-Групп-091»,2202362813,2020,Карачаево-Черкесская Республика,2.4,Лесозаготовка,FND-50988,9e6a921fbc42
C0092,АО «Альфа-Групп-092»,9592304864,2019,Курганская обл.,2.4,Лесозаготовка,FND-11071,17ed8abedc25
C0093,ООО «Северный-Трейд-093»,5150572961,2020,Красноярский край,69.2,Аудит и бухгалтерия,FND-61629,c77cfd5563c8
C0094,ООО «Бизнес-Пром-094»,4007851819,2015,Архангельская обл.,11.01,Производство алкогольных напитков,FND-31299,6c81c83c4bd0
C0095,ПАО «Кристалл-Корп-095»,5403143886,2023,Чеченская Республика,20.16,Производство пластмасс,FND-72205,d8a4e572d866
C0096,ПАО «Кристалл-Плюс-096»,5773825714,2008,Смоленская обл.,20.16,Производство пластмасс,FND-29848,1819fb9034f7
C0097,ПАО «Партнёр-Трейд-097»,7559439455,2022,Чукотский АО,2.4,Лесозаготовка,FND-44650,812649f8ed0e
C0098,ООО «Монолит-Ко-098»,2273397216,2019,Тамбовская обл.,52.29,Транспортная логистика,FND-61712,2d13dd919b0e
C0099,АО «Восточный-Инжиниринг-099»,2425961652,2012,Республика Хакасия,62.02,IT-консалтинг,FND-39579,143758ee65fb
C0100,ПАО «Капитал-Плюс-100»,594984193,2012,Чукотский АО,70.22,Управленческий консалтинг,FND-17754,6d9cb7de5e8a
C0101,ООО «Южный-Плюс-101»,9087178202,2008,Республика Ингушетия,11.01,Производство алкогольных напитков,FND-24064,c900ced7451d
C0102,ПАО «Восточный-Холдинг-102»,1114217757,2015,Кемеровская обл.,11.01,Производство алкогольных напитков,FND-90079,16bda725ae44
C0103,ООО «Вектор-Логистик-103»,3222793706,2012,Ярославская обл.,70.22,Управленческий консалтинг,FND-18142,136f951362da
C0104,ПАО «Промт-Инжиниринг-104»,9262117645,2019,Костромская обл.,56.1,Рестораны и кафе,FND-80453,0d441de75945
C0105,ПАО «Восточный-Пром-105»,7050555135,2023,Республика Крым,86.21,Частная медицина,FND-99167,07f75d914491
C0106,ООО «Восточный-Плюс-106»,5404873875,2022,Свердловская обл.,10.71,Производство хлебобулочных изделий,FND-69325,544defa9fddf
C0107,АО «Омега-Холдинг-107»,4779649389,2012,Тамбовская обл.,46.9,Оптовая торговля,FND-20518,0c72cb7ee151
C0108,АО «Металл-Плюс-108»,7200265582,2023,Удмуртская Республика,25.11,Производство металлоконструкций,FND-30332,7109af321d97
C0109,ПАО «Капитал-Трейд-109»,2054682045,2021,Республика Татарстан,46.9,Оптовая торговля,FND-28367,ce2b9a26bddc
C0110,ООО «Монолит-Плюс-110»,9542557165,2020,Новосибирская обл.,20.16,Производство пластмасс,FND-55143,c783eed3cfc1
C0111,АО «Прогресс-Ко-111»,5228140445,2019,Томская обл.,55.1,Гостиницы,FND-41831,1558417b096b
C0112,ООО «Ресурс-Корп-112»,8036008562,2020,Хабаровский край,10.71,Производство хлебобулочных изделий,FND-53642,a48251d4c143
C0113,ПАО «Капитал-Логистик-113»,9673232463,2012,Ямало-Ненецкий АО,49.41,Грузоперевозки автомобильным транспортом,FND-77215,e2c4c0b38669
C0114,АО «Южный-Трейд-114»,5212954133,2020,Калининградская обл.,70.22,Управленческий консалтинг,FND-75444,e6ff107459d4
C0115,ПАО «Техно-Корп-115»,4171749560,2023,Республика Крым,62.01,Разработка ПО,FND-19742,7c590f014901
C0116,ООО «Союз-Плюс-116»,536664405,2018,Санкт-Петербург,41.2,Строительство зданий,FND-12192,1a638db83114
C0117,ООО «Промт-Групп-117»,5262370942,2021,Ульяновская обл.,62.02,IT-консалтинг,FND-49318,f9be311e65d8
C0118,АО «Ресурс-Логистик-118»,14475805,2021,Иркутская обл.,2.4,Лесозаготовка,FND-40115,51e6d6e67995
C0119,ООО «Мастер-Холдинг-119»,8509395773,2008,Ростовская обл.,20.16,Производство пластмасс,FND-49226,98b418276d57
C0120,АО «Северный-Ко-120»,7760730206,2023,Республика Калмыкия,56.1,Рестораны и кафе,FND-88067,1e0f65eb20ac
C0121,АО «Строй-Сервис-121»,5315372202,2022,Тамбовская обл.,47.11,Розничная торговля,FND-93086,6be93f7a96fe
C0122,АО «Восточный-Сервис-122»,7104551055,2008,Курская обл.,69.2,Аудит и бухгалтерия,FND-60493,e2c0be24560d
C0123,ООО «Премиум-Пром-123»,1313404440,2023,Тверская обл.,10.71,Производство хлебобулочных изделий,FND-42321,9465ce9a7904
C0124,ООО «Северный-Сервис-124»,8384486536,2019,Ханты-Мансийский АО,68.2,Аренда недвижимости,FND-72784,482db0ecc10b
C0125,ПАО «Финанс-Маркет-125»,3273919170,2022,Псковская обл.,70.22,Управленческий консалтинг,FND-37479,0e674a918ebc
C0126,ПАО «Кристалл-Плюс-126»,6267709445,2021,Смоленская обл.,10.71,Производство хлебобулочных изделий,FND-81256,d86ea612dec9
C0127,ООО «Капитал-Маркет-127»,6360963794,2012,Санкт-Петербург,11.01,Производство алкогольных напитков,FND-22924,fd272fe04b7d
C0128,АО «Гранит-Инвест-128»,4661942908,2018,Тюменская обл.,11.01,Производство алкогольных напитков,FND-55656,250b164d84ea
C0129,ООО «Восточный-Корп-129»,6338186619,2022,Калининградская обл.,2.4,Лесозаготовка,FND-77632,a226e450e214
C0130,ООО «Финанс-Инвест-130»,6163784402,2022,Владимирская обл.,11.01,Производство алкогольных напитков,FND-18200,1a669e81c809
C0131,АО «Промт-Холдинг-131»,6493331341,2018,Липецкая обл.,43.21,Электромонтажные работы,FND-90541,8c74b88f3daf
C0132,ООО «Прогресс-Сервис-132»,6541316669,2019,Севастополь,70.22,Управленческий консалтинг,FND-31871,1ecdec353419
C0133,АО «Альфа-Логистик-133»,1895464840,2008,Ленинградская обл.,70.22,Управленческий консалтинг,FND-38905,1d3b7f1f8a76
C0134,ПАО «Партнёр-Ко-134»,7511783807,2023,Республика Крым,11.01,Производство алкогольных напитков,FND-38644,dba4c1a11747
C0135,АО «Логист-Сервис-135»,8081827686,2008,Республика Саха (Якутия),52.29,Транспортная логистика,FND-31755,d6bcb486f72a
C0136,АО «Бизнес-Пром-136»,1925959817,2023,Республика Дагестан,46.9,Оптовая торговля,FND-17770,78f1893678af
C0137,ООО «Капитал-Инжиниринг-137»,3166307747,2020,Вологодская обл.,41.2,Строительство зданий,FND-69597,74f23f9e28cb
C0138,ПАО «Мастер-Корп-138»,3052422835,2022,Кабардино-Балкарская Республика,10.71,Производство хлебобулочных изделий,FND-73614,a2232b5b6b17
C0139,ООО «Промт-Плюс-139»,4092616192,2022,Ненецкий АО,46.9,Оптовая торговля,FND-57242,5e02b868a916
C0140,ПАО «Союз-Ко-140»,2670412606,2019,Воронежская обл.,43.21,Электромонтажные работы,FND-65353,32e05616c8ed
C0141,ООО «Атлас-Сервис-141»,8177191506,2012,Республика Бурятия,56.1,Рестораны и кафе,FND-56030,6c91724b896c
C0142,ООО «Сигма-Групп-142»,1173472626,2022,Республика Ингушетия,55.1,Гостиницы,FND-47345,a8abb4bb284b
C0143,ООО «Партнёр-Инвест-143»,2089414559,2023,Ямало-Ненецкий АО,62.02,IT-консалтинг,FND-51480,6e5025ccc7d6
C0144,АО «Капитал-Групп-144»,20075654,2015,Забайкальский край,55.1,Гостиницы,FND-20803,dc91d6e23d85
C0145,ПАО «Трейд-Ко-145»,1357663492,2023,Республика Крым,62.01,Разработка ПО,FND-21300,2adee8815dd9
C0146,ООО «Альфа-Корп-146»,1043582378,2015,Воронежская обл.,86.21,Частная медицина,FND-13847,d902c3ce4712
C0147,АО «Восточный-Пром-147»,3453215725,2012,Свердловская обл.,2.4,Лесозаготовка,FND-11610,ab8df9f7733d
C0148,ООО «Ресурс-Ко-148»,9743472035,2015,Новосибирская обл.,56.1,Рестораны и кафе,FND-33507,a22d33b4a00c
C0149,АО «Капитал-Холдинг-149»,3502536454,2022,Ханты-Мансийский АО,56.1,Рестораны и кафе,FND-81638,621c090c3a61
C0150,ПАО «Инвест-Корп-150»,8906871524,2020,Республика Татарстан,47.11,Розничная торговля,FND-28661,43cf3ae60279
C0151,АО «Партнёр-Групп-151»,5563506128,2020,Астраханская обл.,2.4,Лесозаготовка,FND-52762,c5d215777c22
C0152,ПАО «Промт-Плюс-152»,1431374480,2015,Липецкая обл.,10.71,Производство хлебобулочных изделий,FND-69325,544defa9fddf
C0153,АО «Северный-Пром-153»,281985501,2018,Саратовская обл.,41.2,Строительство зданий,FND-25919,084b6fbb1072
C0154,АО «Мастер-Инжиниринг-154»,9059091680,2021,Брянская обл.,41.2,Строительство зданий,FND-26059,e5841df2166d
C0155,ПАО «Северный-Логистик-155»,612128062,2021,Кировская обл.,43.21,Электромонтажные работы,FND-75390,f77ecc17109b
C0156,ООО «Южный-Маркет-156»,6729503747,2021,Удмуртская Республика,46.9,Оптовая торговля,FND-84141,e61eaa38aed6
C0157,ООО «Финанс-Ко-157»,2843521225,2018,Республика Татарстан,43.21,Электромонтажные работы,FND-38758,70d85f35a1fd
C0158,ООО «Строй-Торг-158»,3735735198,2015,Республика Мордовия,69.2,Аудит и бухгалтерия,FND-81057,1e747ddbea99
C0159,ООО «Металл-Логистик-159»,921798305,2018,Тюменская обл.,10.71,Производство хлебобулочных изделий,FND-43730,33c5f5bff65a
C0160,ПАО «Промт-Сервис-160»,3119796196,2021,Республика Калмыкия,69.2,Аудит и бухгалтерия,FND-56769,30a237d18c50
C0161,ООО «Прогресс-Корп-161»,758751386,2019,Еврейская АО,43.21,Электромонтажные работы,FND-84127,8bb88f80d334
C0162,АО «Атлас-Плюс-162»,6986730263,2018,Республика Башкортостан,70.22,Управленческий консалтинг,FND-10167,68053af2923e
C0163,АО «Северный-Сервис-163»,5148661082,2021,Архангельская обл.,55.1,Гостиницы,FND-44226,66be31e4c40d
C0164,ПАО «Сигма-Сервис-164»,5640918112,2012,Приморский край,56.1,Рестораны и кафе,FND-63645,ca5150ff1c65
C0165,ООО «Промт-Трейд-165»,3540008640,2019,Хабаровский край,62.01,Разработка ПО,FND-32391,a376802c0811
C0166,АО «Кристалл-Инжиниринг-166»,2633310428,2021,Кабардино-Балкарская Республика,25.11,Производство металлоконструкций,FND-18079,4c8c76b39d29
C0167,ПАО «Южный-Ко-167»,5588458484,2020,Самарская обл.,25.11,Производство металлоконструкций,FND-61747,8b16ebc056e6
C0168,ООО «Капитал-Логистик-168»,1998149496,2015,Чеченская Республика,20.16,Производство пластмасс,FND-43801,23fa71cc32ba
C0169,АО «Ресурс-Сервис-169»,8590757115,2023,Республика Северная Осетия,10.71,Производство хлебобулочных изделий,FND-23133,b29eed442761
C0170,АО «Логист-Инвест-170»,6541466438,2020,Ярославская обл.,62.02,IT-консалтинг,FND-16460,80a160ff3126
C0171,АО «Логист-Логистик-171»,8692377376,2019,Челябинская обл.,69.2,Аудит и бухгалтерия,FND-43730,937ea3f7714d
C0172,ООО «Металл-Ко-172»,1351880188,2020,Калининградская обл.,1.11,Выращивание зерновых,FND-14334,ca9541826e97
C0173,ПАО «Северный-Инжиниринг-173»,9624494538,2022,Тульская обл.,49.41,Грузоперевозки автомобильным транспортом,FND-21847,722caafb4825
C0174,ООО «Техно-Маркет-174»,6240770966,2018,Иркутская обл.,2.4,Лесозаготовка,FND-39329,93da579a65ce
C0175,АО «Северный-Сервис-175»,4235650998,2019,Севастополь,62.02,IT-консалтинг,FND-94848,c5a8c45bb92b
C0176,АО «Техно-Сервис-176»,8278217888,2020,Чеченская Республика,25.11,Производство металлоконструкций,FND-62965,2adcefe38fbc
C0177,АО «Северный-Инвест-177»,7598376649,2019,Ивановская обл.,1.11,Выращивание зерновых,FND-76494,76b7a3a5cf67
C0178,АО «Вектор-Корп-178»,2871630373,2012,Брянская обл.,11.01,Производство алкогольных напитков,FND-58717,39b8f7215826
C0179,АО «Трейд-Пром-179»,1654819398,2012,Орловская обл.,25.11,Производство металлоконструкций,FND-28772,1d98edfd003b
C0180,АО «Техно-Трейд-180»,271747066,2023,Республика Крым,10.71,Производство хлебобулочных изделий,FND-66233,1e669a61fb93
C0181,ООО «Атлас-Ко-181»,8166263135,2020,Ставропольский край,11.01,Производство алкогольных напитков,FND-18557,b137fdd1f79d
C0182,АО «Южный-Инжиниринг-182»,9393199427,2023,Волгоградская обл.,68.2,Аренда недвижимости,FND-37681,e7b24b112a44
C0183,АО «Техно-Холдинг-183»,7650180141,2008,Тверская обл.,25.11,Производство металлоконструкций,FND-72180,8db9264228dc
C0184,ПАО «Металл-Холдинг-184»,6748562746,2012,Тульская обл.,47.11,Розничная торговля,FND-43730,b848edae2587
C0185,АО «Трейд-Корп-185»,9306986105,2023,Красноярский край,62.02,IT-консалтинг,FND-43540,deb74a85a4a6
C0186,ООО «Омега-Холдинг-186»,3641880163,2012,Республика Бурятия,62.01,Разработка ПО,FND-91501,b4aa00bc1c59
C0187,ООО «Северный-Инвест-187»,9238767160,2015,Алтайский край,69.2,Аудит и бухгалтерия,FND-23593,f845cbb24a82
C0188,ПАО «Северный-Ко-188»,3068919140,2015,Тульская обл.,20.16,Производство пластмасс,FND-95848,4a3050ae2c77
C0189,ПАО «Атлас-Пром-189»,5706236385,2018,Республика Калмыкия,2.4,Лесозаготовка,FND-17152,0aa1883c6411
C0190,ООО «Сигма-Ко-190»,4290264248,2022,Республика Коми,2.4,Лесозаготовка,FND-21536,feb93033a7ab
C0191,ООО «Северный-Инвест-191»,587968564,2008,Республика Крым,1.11,Выращивание зерновых,FND-57624,024d7f84fff1
C0192,ПАО «Мастер-Сервис-192»,7172389257,2022,Свердловская обл.,68.2,Аренда недвижимости,FND-31516,a7d9277053b8
C0193,ООО «Промт-Инвест-193»,2813706618,2018,Орловская обл.,55.1,Гостиницы,FND-96305,ab49b208848a
C0194,ПАО «Южный-Торг-194»,4591571368,2008,Республика Карелия,1.11,Выращивание зерновых,FND-60418,31a6b5568bbb
C0195,АО «Восточный-Ко-195»,1477278796,2020,Ханты-Мансийский АО,52.29,Транспортная логистика,FND-37487,0d2b2061826a
C0196,ПАО «Ресурс-Корп-196»,6775597685,2015,Республика Саха (Якутия),41.2,Строительство зданий,FND-11673,7439aebdba05
C0197,ООО «Логист-Ко-197»,7961072534,2008,Республика Калмыкия,41.2,Строительство зданий,FND-98542,5118af073644
C0198,ПАО «Монолит-Корп-198»,6939935026,2023,Республика Крым,11.01,Производство алкогольных напитков,FND-39563,a70dab11c90d
C0199,АО «Восточный-Плюс-199»,9097102218,2018,Москва,86.21,Частная медицина,FND-53327,bc3ea21614e0
C0200,ПАО «Омега-Ко-200»,9664537321,2020,Нижегородская обл.,46.9,Оптовая торговля,FND-76209,1175defd049d
C0201,ООО «Мастер-Сервис-201»,3296457613,2018,Ярославская обл.,56.1,Рестораны и кафе,FND-94182,d464b5ac99e7
C0202,АО «Логист-Пром-202»,7057554263,2012,Самарская обл.,70.22,Управленческий консалтинг,FND-22577,22b1f2e09831
C0203,ООО «Мастер-Инжиниринг-203»,7841579769,2012,Иркутская обл.,11.01,Производство алкогольных напитков,FND-13113,58ec998e5f04
C0204,АО «Ресурс-Групп-204»,5223640656,2015,Республика Тыва,10.71,Производство хлебобулочных изделий,FND-18288,2990cb071c64
C0205,АО «Финанс-Инжиниринг-205»,3074364513,2012,Республика Марий Эл,69.2,Аудит и бухгалтерия,FND-48663,794288f252f4
C0206,ООО «Промт-Трейд-206»,559379346,2023,Амурская обл.,47.11,Розничная торговля,FND-28671,06c284d3f757
C0207,ПАО «Финанс-Торг-207»,8899452007,2015,Сахалинская обл.,62.01,Разработка ПО,FND-53365,805163a0f0f1
C0208,ООО «Атлас-Логистик-208»,4635533402,2012,Ульяновская обл.,52.29,Транспортная логистика,FND-93995,b2005ea31710
C0209,АО «Восточный-Логистик-209»,3351688152,2020,Магаданская обл.,41.2,Строительство зданий,FND-20022,7bccfde7714a
C0210,ПАО «Трейд-Трейд-210»,5594732772,2021,Псковская обл.,2.4,Лесозаготовка,FND-55977,09ab23b6b607
C0211,ПАО «Мастер-Плюс-211»,7115581790,2023,Республика Крым,2.4,Лесозаготовка,FND-40375,e515df0d202a
C0212,АО «Северный-Логистик-212»,9806196275,2023,Кабардино-Балкарская Республика,46.9,Оптовая торговля,FND-32786,c5ef831f5d34
C0213,ПАО «Логист-Инвест-213»,9248378084,2012,Омская обл.,20.16,Производство пластмасс,FND-20104,f69543a0f1b1
C0214,ПАО «Союз-Групп-214»,6431645642,2020,Волгоградская обл.,41.2,Строительство зданий,FND-85168,daf642455364
C0215,ООО «Прогресс-Холдинг-215»,9549687892,2015,Республика Ингушетия,2.4,Лесозаготовка,FND-71789,f880d0d6a01b
C0216,ПАО «Мастер-Пром-216»,2734523128,2023,Республика Крым,86.21,Частная медицина,FND-99701,a33f5792b2a9
C0217,ПАО «Металл-Ко-217»,1416887653,2008,Свердловская обл.,25.11,Производство металлоконструкций,FND-79444,955d864a6265
C0218,АО «Вектор-Холдинг-218»,4282841775,2012,Воронежская обл.,56.1,Рестораны и кафе,FND-78126,5ef059938ba7
C0219,ООО «Южный-Инжиниринг-219»,5255693255,2012,Кемеровская обл.,70.22,Управленческий консалтинг,FND-58524,97737a7937a1
C0220,ПАО «Вектор-Инжиниринг-220»,1279157866,2021,Новосибирская обл.,62.02,IT-консалтинг,FND-31068,a6869a35be89
C0221,ПАО «Южный-Групп-221»,200396575,2022,Кемеровская обл.,10.71,Производство хлебобулочных изделий,FND-93924,9cea886b9f44
C0222,ПАО «Металл-Пром-222»,6663690236,2008,Забайкальский край,2.4,Лесозаготовка,FND-86818,a495eebbfa24
C0223,АО «Партнёр-Пром-223»,9392619524,2023,Республика Башкортостан,10.71,Производство хлебобулочных изделий,FND-83220,2b6d65b9a944
C0224,ПАО «Инвест-Ко-224»,5695779445,2019,Ленинградская обл.,25.11,Производство металлоконструкций,FND-73172,73e0f7487b8e
C0225,АО «Южный-Сервис-225»,5082068094,2018,Ивановская обл.,52.29,Транспортная логистика,FND-38647,6738fc33dd0b
C0226,ООО «Партнёр-Маркет-226»,8222611966,2018,Республика Калмыкия,49.41,Грузоперевозки автомобильным транспортом,FND-10868,42cbf4730aea
C0227,ПАО «Логист-Логистик-227»,1753715490,2022,Удмуртская Республика,69.2,Аудит и бухгалтерия,FND-61605,ef0d17b3bdb4
C0228,ООО «Мастер-Маркет-228»,3138122931,2008,Республика Саха (Якутия),2.4,Лесозаготовка,FND-37594,9cd78264cf2c
C0229,АО «Прогресс-Торг-229»,1520224319,2019,Иркутская обл.,69.2,Аудит и бухгалтерия,FND-71995,b73ce398c39f
C0230,ПАО «Партнёр-Сервис-230»,7355360846,2023,Республика Коми,41.2,Строительство зданий,FND-53864,c5e1ab9c931d
C0231,АО «Альфа-Инвест-231»,1891561736,2019,Сахалинская обл.,11.01,Производство алкогольных напитков,FND-55977,09ab23b6b607
C0232,ООО «Техно-Ко-232»,9464903367,2015,Республика Ингушетия,68.2,Аренда недвижимости,FND-94494,62da5a6d47be
C0233,АО «Южный-Плюс-233»,1076970110,2023,Костромская обл.,69.2,Аудит и бухгалтерия,FND-81884,6c3cf77d5282
C0234,ООО «Логист-Торг-234»,1683226180,2012,Республика Алтай,2.4,Лесозаготовка,FND-56771,00003e3b9e53
C0235,АО «Вектор-Корп-235»,5547846594,2023,Омская обл.,11.01,Производство алкогольных напитков,FND-21738,f0d7053396e7
C0236,ООО «Металл-Ко-236»,8340994042,2008,Омская обл.,62.01,Разработка ПО,FND-10946,37ca649d980e
C0237,ООО «Союз-Корп-237»,6820657662,2018,Ненецкий АО,11.01,Производство алкогольных напитков,FND-79722,bd470ca955d9
C0238,ПАО «Восточный-Торг-238»,4743190921,2012,Республика Бурятия,43.21,Электромонтажные работы,FND-11075,143758ee65fb
C0239,АО «Финанс-Ко-239»,4360071235,2021,Оренбургская обл.,1.11,Выращивание зерновых,FND-35191,eca89c0554ce
C0240,АО «Капитал-Логистик-240»,2917062399,2018,Алтайский край,25.11,Производство металлоконструкций,FND-92465,e555ebe0ce42
C0241,ПАО «Монолит-Маркет-241»,3069240753,2022,Калининградская обл.,2.4,Лесозаготовка,FND-11170,07a96b1f6109
C0242,АО «Капитал-Групп-242»,2463970315,2023,Республика Крым,1.11,Выращивание зерновых,FND-26492,6c250b592dc9
C0243,АО «Партнёр-Маркет-243»,372075545,2020,Республика Марий Эл,11.01,Производство алкогольных напитков,FND-55569,ce059ef4192c
C0244,ООО «Сигма-Пром-244»,1223063108,2023,Республика Тыва,86.21,Частная медицина,FND-41298,95e62984b87e
C0245,ПАО «Вектор-Торг-245»,2430609101,2022,Приморский край,56.1,Рестораны и кафе,FND-22943,53fde96fcc4b
C0246,ООО «Гранит-Маркет-246»,6092480805,2019,Смоленская обл.,1.11,Выращивание зерновых,FND-58374,168908dd3227
C0247,АО «Сигма-Маркет-247»,9075152617,2012,Смоленская обл.,2.4,Лесозаготовка,FND-23829,22456f4b5455
C0248,ООО «Ресурс-Инвест-248»,5655995984,2015,Еврейская АО,55.1,Гостиницы,FND-66438,bd380c81db01
C0249,ПАО «Логист-Сервис-249»,9437955933,2023,Ульяновская обл.,11.01,Производство алкогольных напитков,FND-38157,cb8a08a240f3
C0250,ПАО «Премиум-Торг-250»,1031352803,2023,Белгородская обл.,62.01,Разработка ПО,FND-20118,3a2a9aef4cbe
C0251,ПАО «Техно-Холдинг-251»,837938491,2012,Омская обл.,1.11,Выращивание зерновых,FND-95561,11dd08ef8df4
C0252,ООО «Атлас-Пром-252»,5361699750,2023,Республика Крым,56.1,Рестораны и кафе,FND-47982,dead35fa1512
C0253,ПАО «Северный-Холдинг-253»,571154616,2008,Республика Хакасия,10.71,Производство хлебобулочных изделий,FND-42275,cba0a4ee5ccd
C0254,ООО «Мастер-Инвест-254»,4335039694,2012,Тюменская обл.,70.22,Управленческий консалтинг,FND-67732,6bc24fc1ab65
C0255,ПАО «Сигма-Групп-255»,7261823834,2015,Брянская обл.,49.41,Грузоперевозки автомобильным транспортом,FND-37395,71f538c5db46
C0256,АО «Бизнес-Корп-256»,9663952026,2023,Калужская обл.,2.4,Лесозаготовка,FND-16957,ad9d4d2bc536
C0257,ПАО «Мастер-Сервис-257»,8086239038,2019,Курганская обл.,10.71,Производство хлебобулочных изделий,FND-21537,2836be05e71a
C0258,ООО «Строй-Пром-258»,3470633992,2008,Республика Татарстан,11.01,Производство алкогольных напитков,FND-92023,04115ec378e4
C0259,ООО «Атлас-Инвест-259»,6039662219,2018,Республика Ингушетия,11.01,Производство алкогольных напитков,FND-53160,e44e875c1210
C0260,ООО «Монолит-Корп-260»,7519919935,2018,Воронежская обл.,41.2,Строительство зданий,FND-34134,2e6d9c6052e9
C0261,АО «Монолит-Логистик-261»,7867111096,2021,Республика Ингушетия,47.11,Розничная торговля,FND-84323,e16e74a63567
C0262,ООО «Металл-Торг-262»,4613412499,2022,Республика Дагестан,47.11,Розничная торговля,FND-39170,3ce6d3c8830d
C0263,ПАО «Кристалл-Корп-263»,3424073367,2022,Чеченская Республика,43.21,Электромонтажные работы,FND-80275,3817157c9127
C0264,ООО «Строй-Пром-264»,5903791487,2022,Рязанская обл.,2.4,Лесозаготовка,FND-70469,5e751896e527
C0265,АО «Инвест-Инжиниринг-265»,4717961441,2015,Республика Адыгея,46.9,Оптовая торговля,FND-36467,234e691320c0
C0266,ООО «Промт-Корп-266»,4353759337,2012,Брянская обл.,43.21,Электромонтажные работы,FND-84120,e9412ee56438
C0267,АО «Монолит-Холдинг-267»,7921890704,2008,Республика Мордовия,43.21,Электромонтажные работы,FND-81237,812b4ba287f5
C0268,АО «Южный-Логистик-268»,625658016,2022,Краснодарский край,52.29,Транспортная логистика,FND-29054,298f95e1bf91
C0269,ООО «Промт-Инвест-269»,9126655973,2012,Краснодарский край,62.02,IT-консалтинг,FND-22206,d5036c644129
C0270,ООО «Монолит-Логистик-270»,1625566176,2023,Челябинская обл.,10.71,Производство хлебобулочных изделий,FND-73394,1980fa3bbff7
C0271,АО «Металл-Торг-271»,9315564167,2020,Приморский край,62.02,IT-консалтинг,FND-10207,136f951362da
C0272,ПАО «Южный-Инвест-272»,382662035,2018,Москва,25.11,Производство металлоконструкций,FND-24920,b9009beb804f
C0273,ООО «Трейд-Сервис-273»,8944011488,2008,Псковская обл.,20.16,Производство пластмасс,FND-64257,1e056d2b0ebd
C0274,ПАО «Ресурс-Трейд-274»,2678392096,2020,Ставропольский край,20.16,Производство пластмасс,FND-84839,ca886eb9edb6
C0275,ПАО «Атлас-Корп-275»,442492317,2019,Ханты-Мансийский АО,25.11,Производство металлоконструкций,FND-22137,52fc2aee802e
C0276,ООО «Атлас-Логистик-276»,7571889617,2015,Орловская обл.,1.11,Выращивание зерновых,FND-60801,c0ad6deb3730
C0277,АО «Восточный-Трейд-277»,1770762225,2012,Республика Бурятия,46.9,Оптовая торговля,FND-97965,5bce843dd76d
C0278,ПАО «Промт-Маркет-278»,5529851385,2023,Новосибирская обл.,62.01,Разработка ПО,FND-27049,598b3e71ec37
C0279,ООО «Южный-Инвест-279»,1558663876,2008,Курганская обл.,46.9,Оптовая торговля,FND-20295,fbaafc6ec0f0
C0280,ПАО «Техно-Корп-280»,7491823193,2019,Курская обл.,68.2,Аренда недвижимости,FND-69412,c02d0450cdd7
C0281,ООО «Монолит-Ко-281»,3554715034,2022,Республика Адыгея,25.11,Производство металлоконструкций,FND-64190,4175a4b46a45
C0282,ООО «Атлас-Маркет-282»,8574752609,2021,Карачаево-Черкесская Республика,43.21,Электромонтажные работы,FND-73783,958adb57686c
C0283,ООО «Монолит-Инвест-283»,187346088,2022,Еврейская АО,70.22,Управленческий консалтинг,FND-10024,8208974663db
C0284,ООО «Трейд-Инжиниринг-284»,8276997995,2022,Республика Калмыкия,11.01,Производство алкогольных напитков,FND-76902,80f4431bf838
C0285,ООО «Альфа-Корп-285»,5912045674,2023,Мурманская обл.,46.9,Оптовая торговля,FND-81449,7e8d7e5ccbdd
C0286,АО «Инвест-Инвест-286»,1961007449,2021,Самарская обл.,41.2,Строительство зданий,FND-27985,937936029af6
C0287,АО «Металл-Инвест-287»,5431658254,2015,Республика Марий Эл,86.21,Частная медицина,FND-85543,8fd7f981e10b
C0288,ООО «Премиум-Логистик-288»,9075872556,2020,Калининградская обл.,20.16,Производство пластмасс,FND-71925,da11e8cd1811
C0289,АО «Ресурс-Ко-289»,495339216,2008,Чеченская Республика,20.16,Производство пластмасс,FND-49855,8576a5108a04
C0290,ПАО «Монолит-Ко-290»,7041072622,2008,Пермский край,1.11,Выращивание зерновых,FND-89144,bd1354624fba
C0291,АО «Финанс-Корп-291»,2150995887,2015,Иркутская обл.,2.4,Лесозаготовка,FND-60222,fd5ac6ce504b
C0292,ООО «Техно-Холдинг-292»,7113377537,2020,Костромская обл.,43.21,Электромонтажные работы,FND-44422,add217938e07
C0293,АО «Мастер-Сервис-293»,9609694983,2022,Калужская обл.,47.11,Розничная торговля,FND-22881,de043a5e4212
C0294,ПАО «Мастер-Торг-294»,7569300045,2018,Республика Коми,68.2,Аренда недвижимости,FND-56073,c0e8517b1fe0
C0295,ООО «Бизнес-Инжиниринг-295»,8251906376,2012,Оренбургская обл.,49.41,Грузоперевозки автомобильным транспортом,FND-24528,a74c3bae3e13
C0296,АО «Союз-Инжиниринг-296»,7310733092,2019,Республика Бурятия,10.71,Производство хлебобулочных изделий,FND-19096,c0172ea66506
C0297,ООО «Вектор-Пром-297»,7269710524,2022,Республика Мордовия,86.21,Частная медицина,FND-29510,9bf31c7ff062
C0298,АО «Премиум-Трейд-298»,5944877509,2020,Камчатский край,56.1,Рестораны и кафе,FND-25886,c87579e73696
C0299,ООО «Техно-Инжиниринг-299»,590476103,2021,Приморский край,70.22,Управленческий консалтинг,FND-49173,3001ef257407
C0300,ПАО «Трейд-Плюс-300»,92376498,2022,Московская обл.,69.2,Аудит и бухгалтерия,FND-14855,5de8a36008b0
C0301,АО «Мастер-Пром-301»,1590164907,2023,Волгоградская обл.,56.1,Рестораны и кафе,FND-11882,46f76a4bda9a
C0302,ПАО «Сигма-Групп-302»,1560238741,2015,Карачаево-Черкесская Республика,25.11,Производство металлоконструкций,FND-81550,d5e2c0adad50
C0303,ООО «Промт-Холдинг-303»,1465490086,2023,Республика Крым,46.9,Оптовая торговля,FND-12048,1eb590c1259f
C0304,АО «Союз-Ко-304»,7411242165,2019,Республика Мордовия,43.21,Электромонтажные работы,FND-90222,8fb5f8be2aa9
C0305,ООО «Трейд-Групп-305»,9968954620,2023,Пермский край,69.2,Аудит и бухгалтерия,FND-29558,09eb27dec1a4
C0306,АО «Трейд-Инвест-306»,2684105105,2020,Ростовская обл.,46.9,Оптовая торговля,FND-40841,986648642d1a
C0307,ООО «Капитал-Групп-307»,3078324481,2020,Республика Калмыкия,55.1,Гостиницы,FND-69636,f6c9dc70ecfd
C0308,АО «Трейд-Сервис-308»,1601841386,2020,Еврейская АО,68.2,Аренда недвижимости,FND-90154,5be278a9e02b
C0309,АО «Трейд-Торг-309»,4404824299,2023,Карачаево-Черкесская Республика,52.29,Транспортная логистика,FND-10665,174b39525e01
C0310,ООО «Южный-Пром-310»,3860407642,2023,Республика Крым,1.11,Выращивание зерновых,FND-48769,4d95d05a4fc4
C0311,ООО «Союз-Логистик-311»,8704784734,2019,Еврейская АО,47.11,Розничная торговля,FND-10178,16e6a3326dd7
C0312,АО «Капитал-Холдинг-312»,6652663959,2019,Ямало-Ненецкий АО,70.22,Управленческий консалтинг,FND-16758,17c3433fecc2
C0313,ООО «Техно-Пром-313»,7571356778,2020,Хабаровский край,86.21,Частная медицина,FND-39548,6fe43269967a
C0314,ООО «Сигма-Сервис-314»,3451765267,2019,Нижегородская обл.,2.4,Лесозаготовка,FND-34687,475cc020a2dc
C0315,ООО «Прогресс-Холдинг-315»,1112904694,2012,Смоленская обл.,43.21,Электромонтажные работы,FND-68177,371bce7dc838
C0316,ПАО «Техно-Сервис-316»,4363568431,2018,Пензенская обл.,47.11,Розничная торговля,FND-32509,5101a4796c51
C0317,ООО «Гранит-Холдинг-317»,4197298661,2008,Ярославская обл.,62.02,IT-консалтинг,FND-25324,8fecb20817b3
C0318,ООО «Трейд-Пром-318»,7691495109,2020,Тюменская обл.,41.2,Строительство зданий,FND-70036,c90070e1f03e
C0319,АО «Монолит-Ко-319»,9515946791,2019,Чувашская Республика,2.4,Лесозаготовка,FND-25319,c7b4bb942f0b
C0320,АО «Омега-Торг-320»,6529205460,2023,Республика Крым,52.29,Транспортная логистика,FND-61697,3f4366aeb9c1
C0321,ПАО «Гранит-Инвест-321»,1833239807,2008,Республика Бурятия,86.21,Частная медицина,FND-64474,8ce6fc704072
C0322,ООО «Трейд-Холдинг-322»,4890970494,2012,Севастополь,55.1,Гостиницы,FND-70570,e561611fa0cc
C0323,АО «Ресурс-Логистик-323»,883540029,2021,Еврейская АО,49.41,Грузоперевозки автомобильным транспортом,FND-71936,2b0f658cbffd
C0324,ООО «Промт-Ко-324»,2907558646,2018,Воронежская обл.,55.1,Гостиницы,FND-58916,2e64da0bae6a
C0325,ООО «Атлас-Логистик-325»,8112493259,2008,Амурская обл.,62.01,Разработка ПО,FND-35403,a4380923dd65
C0326,ПАО «Финанс-Холдинг-326»,2635311274,2020,Алтайский край,43.21,Электромонтажные работы,FND-23424,43b52842663f
C0327,ПАО «Союз-Пром-327»,8778491103,2023,Ямало-Ненецкий АО,49.41,Грузоперевозки автомобильным транспортом,FND-28220,040d45ccc13c
C0328,ООО «Союз-Холдинг-328»,828121106,2020,Пермский край,2.4,Лесозаготовка,FND-69325,544defa9fddf
C0329,ООО «Финанс-Инжиниринг-329»,5012067792,2012,Ханты-Мансийский АО,55.1,Гостиницы,FND-34219,9ec51f6eb240
C0330,АО «Прогресс-Пром-330»,7650875791,2020,Курганская обл.,62.01,Разработка ПО,FND-10567,297fa7777981
C0331,АО «Мастер-Групп-331»,1332219111,2023,Республика Крым,1.11,Выращивание зерновых,FND-47784,d5756748da7d
C0332,АО «Восточный-Торг-332»,7682494888,2021,Вологодская обл.,70.22,Управленческий консалтинг,FND-33500,6f3ef77ac0e3
C0333,ПАО «Мастер-Групп-333»,1369781312,2023,Забайкальский край,25.11,Производство металлоконструкций,FND-55977,09ab23b6b607
C0334,ПАО «Северный-Сервис-334»,4644271246,2019,Саратовская обл.,62.01,Разработка ПО,FND-13895,0771fc6f0f4b
C0335,ООО «Северный-Торг-335»,6160077726,2008,Сахалинская обл.,10.71,Производство хлебобулочных изделий,FND-76164,7ec12aa91918
C0336,АО «Промт-Инвест-336»,4840167814,2008,Пензенская обл.,11.01,Производство алкогольных напитков,FND-60997,e9287a53b946
C0337,ПАО «Кристалл-Логистик-337»,5102536720,2023,Республика Адыгея,1.11,Выращивание зерновых,FND-15913,c5866e93cab1
C0338,АО «Промт-Инвест-338»,3336265903,2020,Республика Крым,20.16,Производство пластмасс,FND-32253,bc6dc48b743d
C0339,ПАО «Металл-Инвест-339»,2659335816,2021,Республика Крым,68.2,Аренда недвижимости,FND-75107,b060700f0a54
C0340,АО «Южный-Маркет-340»,4878520942,2019,Челябинская обл.,70.22,Управленческий консалтинг,FND-85784,18ead4c77c3f
C0341,АО «Южный-Маркет-341»,3085263425,2023,Чувашская Республика,10.71,Производство хлебобулочных изделий,FND-33671,496e05e1aea0
C0342,ПАО «Инвест-Корп-342»,9268899702,2018,Псковская обл.,43.21,Электромонтажные работы,FND-29365,e5afb0f2dbc6
C0343,АО «Инвест-Групп-343»,6822162210,2021,Пензенская обл.,62.02,IT-консалтинг,FND-70838,e37d015e5d80
C0344,ООО «Прогресс-Холдинг-344»,1286189408,2008,Иркутская обл.,2.4,Лесозаготовка,FND-51144,900ed5ed4aee
C0345,АО «Инвест-Корп-345»,8255165754,2023,Республика Крым,55.1,Гостиницы,FND-41205,ebe4bab9796d
C0346,ПАО «Партнёр-Маркет-346»,9212248056,2021,Пермский край,70.22,Управленческий консалтинг,FND-51482,3bf75f7173e9
C0347,АО «Кристалл-Корп-347»,3369077096,2015,Тверская обл.,52.29,Транспортная логистика,FND-82447,141661fa46b1
C0348,АО «Северный-Трейд-348»,9392082289,2018,Магаданская обл.,25.11,Производство металлоконструкций,FND-51573,2f73168bf365
C0349,АО «Партнёр-Инвест-349»,9349112047,2022,Чувашская Республика,10.71,Производство хлебобулочных изделий,FND-52830,aecad4232992
C0350,ПАО «Восточный-Ко-350»,6023512776,2023,Республика Крым,46.9,Оптовая торговля,FND-87858,9f810ebd27f4
C0351,АО «Прогресс-Инжиниринг-351»,5320333850,2015,Московская обл.,68.2,Аренда недвижимости,FND-83207,aaaccd2766ec
C0352,ООО «Северный-Торг-352»,4203917494,2023,Республика Крым,49.41,Грузоперевозки автомобильным транспортом,FND-25533,2151b4c76b4d
C0353,АО «Вектор-Инвест-353»,8692644122,2023,Республика Крым,62.01,Разработка ПО,FND-69110,fb4c48608ce8
C0354,ООО «Атлас-Корп-354»,3234505094,2022,Ивановская обл.,68.2,Аренда недвижимости,FND-89478,7985672db979
C0355,АО «Северный-Инжиниринг-355»,3955259813,2021,Республика Хакасия,47.11,Розничная торговля,FND-66744,d5e2fbef30a4
C0356,АО «Партнёр-Сервис-356»,9286723839,2022,Иркутская обл.,46.9,Оптовая торговля,FND-82833,e904831f48e7
C0357,АО «Логист-Плюс-357»,7499037448,2008,Иркутская обл.,2.4,Лесозаготовка,FND-26207,80b618ebcac7
C0358,АО «Премиум-Инжиниринг-358»,5595540768,2023,Ленинградская обл.,43.21,Электромонтажные работы,FND-47261,5ec829debe54
C0359,ООО «Сигма-Логистик-359»,8649509693,2015,Кабардино-Балкарская Республика,25.11,Производство металлоконструкций,FND-26950,51e6d6e67995
C0360,ПАО «Сигма-Пром-360»,9331980817,2008,Рязанская обл.,62.02,IT-консалтинг,FND-94825,234833147b97
C0361,ПАО «Бизнес-Плюс-361»,3031432604,2019,Вологодская обл.,55.1,Гостиницы,FND-90460,d9b1655c134b
C0362,АО «Мастер-Маркет-362»,6795604083,2020,Волгоградская обл.,10.71,Производство хлебобулочных изделий,FND-69325,544defa9fddf
C0363,ПАО «Сигма-Трейд-363»,5544783570,2008,Республика Алтай,55.1,Гостиницы,FND-69325,544defa9fddf
C0364,АО «Премиум-Корп-364»,4662981176,2019,Республика Башкортостан,46.9,Оптовая торговля,FND-66858,62d90d223cf3
C0365,АО «Союз-Инвест-365»,8964693663,2022,Липецкая обл.,25.11,Производство металлоконструкций,FND-21486,aebf7782a3d4
C0366,ООО «Трейд-Логистик-366»,6646713440,2018,Ставропольский край,25.11,Производство металлоконструкций,FND-29978,d7f14b4988c3
C0367,ООО «Монолит-Торг-367»,8331844457,2018,Кировская обл.,47.11,Розничная торговля,FND-14851,c02d0450cdd7
C0368,ООО «Союз-Трейд-368»,5430844493,2022,Мурманская обл.,20.16,Производство пластмасс,FND-12727,f35a2bc72dfd
C0369,ПАО «Строй-Торг-369»,9368612798,2018,Ненецкий АО,1.11,Выращивание зерновых,FND-57219,7a685d9edd95
C0370,ПАО «Кристалл-Плюс-370»,1147942593,2012,Тульская обл.,86.21,Частная медицина,FND-56798,50abc3e730e3
C0371,АО «Промт-Торг-371»,2549777588,2020,Амурская обл.,46.9,Оптовая торговля,FND-89205,02f039058bd4
C0372,ООО «Финанс-Торг-372»,6815511237,2012,Республика Бурятия,68.2,Аренда недвижимости,FND-76308,1fc5309ccc65
C0373,ООО «Промт-Маркет-373»,4472835037,2020,Ямало-Ненецкий АО,41.2,Строительство зданий,FND-92502,d5ff135377d3
C0374,ООО «Финанс-Инвест-374»,4448730108,2018,Нижегородская обл.,2.4,Лесозаготовка,FND-21112,a10a26631d45
C0375,ПАО «Техно-Плюс-375»,9067652465,2008,Липецкая обл.,55.1,Гостиницы,FND-51116,f4f0edb08c97
C0376,ПАО «Северный-Логистик-376»,6866438678,2015,Самарская обл.,2.4,Лесозаготовка,FND-14845,3f00f874e983
C0377,АО «Трейд-Групп-377»,5336085283,2023,Республика Саха (Якутия),41.2,Строительство зданий,FND-76227,6e79ed05baec
C0378,ООО «Омега-Ко-378»,6127498958,2020,Магаданская обл.,62.01,Разработка ПО,FND-97231,3c51419c5607
C0379,ПАО «Северный-Пром-379»,7151741440,2015,Республика Саха (Якутия),69.2,Аудит и бухгалтерия,FND-27047,12e35d9186dd
C0380,ПАО «Ресурс-Пром-380»,7856969741,2021,Республика Карелия,69.2,Аудит и бухгалтерия,FND-26662,0163cceb20f5
C0381,ПАО «Трейд-Логистик-381»,4793964150,2012,Иркутская обл.,2.4,Лесозаготовка,FND-25432,5a2a330b175f
C0382,ООО «Вектор-Ко-382»,5088284138,2008,Смоленская обл.,62.02,IT-консалтинг,FND-73068,9271905e8405
C0383,ПАО «Инвест-Торг-383»,1167617066,2022,Томская обл.,70.22,Управленческий консалтинг,FND-40516,0a716fe8c774
C0384,ООО «Союз-Трейд-384»,5775151650,2012,Кабардино-Балкарская Республика,68.2,Аренда недвижимости,FND-78387,75b9b6dc7fe4
C0385,ООО «Альфа-Холдинг-385»,7278486408,2023,Московская обл.,47.11,Розничная торговля,FND-54558,8860a4e27cbb
C0386,ООО «Промт-Групп-386»,5217196091,2019,Республика Татарстан,2.4,Лесозаготовка,FND-49062,4eab60e55fe4
C0387,АО «Инвест-Групп-387»,252559235,2019,Нижегородская обл.,55.1,Гостиницы,FND-73461,25ddc0f8c9d3
C0388,ООО «Капитал-Пром-388»,6154857151,2012,Калининградская обл.,47.11,Розничная торговля,FND-80455,6a783b626a6d
C0389,ПАО «Монолит-Инжиниринг-389»,9094583365,2022,Амурская обл.,68.2,Аренда недвижимости,FND-46872,185e65bc4058
C0390,АО «Союз-Групп-390»,8798258896,2012,Республика Коми,20.16,Производство пластмасс,FND-45784,084a8a9aa8cc
C0391,ООО «Союз-Плюс-391»,6049648775,2020,Ненецкий АО,70.22,Управленческий консалтинг,FND-95362,c1e39d912d21
C0392,АО «Инвест-Торг-392»,3176049420,2020,Владимирская обл.,68.2,Аренда недвижимости,FND-99201,4722176876d0
C0393,ООО «Кристалл-Сервис-393»,476096125,2018,Ставропольский край,86.21,Частная медицина,FND-82323,ce47be4abd80
C0394,ПАО «Вектор-Корп-394»,252571696,2023,Республика Крым,86.21,Частная медицина,FND-90538,605ac7e4c16b
C0395,АО «Южный-Инвест-395»,2643782244,2008,Москва,47.11,Розничная торговля,FND-61361,8832ae39136f
C0396,ПАО «Южный-Групп-396»,9130604079,2018,Тверская обл.,47.11,Розничная торговля,FND-42394,e8fd4a8a5bab
C0397,ООО «Сигма-Ко-397»,5404199386,2023,Волгоградская обл.,46.9,Оптовая торговля,FND-18126,040d45ccc13c
C0398,ПАО «Омега-Холдинг-398»,8464876444,2008,Республика Тыва,55.1,Гостиницы,FND-91163,9a4400501feb
C0399,ПАО «Трейд-Групп-399»,1507156247,2020,Республика Бурятия,47.11,Розничная торговля,FND-34369,7059b7dea43d
C0400,ПАО «Техно-Ко-400»,3551462956,2021,Тюменская обл.,46.9,Оптовая торговля,FND-17512,cbfe56813693
C0401,ООО «Техно-Маркет-401»,7366953596,2018,Смоленская обл.,46.9,Оптовая торговля,FND-53072,358aee4cc897
C0402,ПАО «Строй-Корп-402»,2627937219,2008,Ямало-Ненецкий АО,1.11,Выращивание зерновых,FND-11296,7e7e69ea3384
C0403,ООО «Техно-Торг-403»,9391222182,2022,Ханты-Мансийский АО,25.11,Производство металлоконструкций,FND-12817,e98741479a7b
C0404,АО «Техно-Ко-404»,8324331576,2015,Мурманская обл.,47.11,Розничная торговля,FND-18569,519c84155964
C0405,ПАО «Северный-Корп-405»,3592061573,2018,Новосибирская обл.,41.2,Строительство зданий,FND-92504,4ef1477dc99f
C0406,ООО «Партнёр-Групп-406»,7761387351,2022,Иркутская обл.,2.4,Лесозаготовка,FND-78875,d800149d2f94
C0407,ПАО «Финанс-Торг-407»,6284224318,2023,Республика Крым,1.11,Выращивание зерновых,FND-82161,2bd7f907b7f5
C0408,ООО «Премиум-Трейд-408»,4644483312,2020,Чукотский АО,62.02,IT-консалтинг,FND-19946,7ed2d3454c5e
C0409,АО «Строй-Групп-409»,1353627781,2012,Республика Ингушетия,2.4,Лесозаготовка,FND-28070,75ac2c91d93e
C0410,АО «Северный-Торг-410»,7069982722,2020,Республика Адыгея,62.02,IT-консалтинг,FND-82432,73f124c77df2
C0411,ООО «Южный-Ко-411»,9448018374,2020,Республика Алтай,70.22,Управленческий консалтинг,FND-56486,139c3c1b7ca4
C0412,АО «Атлас-Торг-412»,791936668,2023,Тамбовская обл.,56.1,Рестораны и кафе,FND-36765,012d9fe15b24
C0413,ПАО «Восточный-Инжиниринг-413»,8015064109,2023,Республика Крым,49.41,Грузоперевозки автомобильным транспортом,FND-36986,eb1848290d5a
C0414,ПАО «Альфа-Плюс-414»,3939147392,2020,Хабаровский край,10.71,Производство хлебобулочных изделий,FND-50600,3bf29f38421b
C0415,ПАО «Трейд-Пром-415»,7429486235,2019,Сахалинская обл.,1.11,Выращивание зерновых,FND-70319,0b794a03744a
C0416,АО «Союз-Корп-416»,7388416436,2022,Кабардино-Балкарская Республика,62.02,IT-консалтинг,FND-22521,92cf3f7ef906
C0417,АО «Техно-Пром-417»,2967249590,2015,Республика Башкортостан,52.29,Транспортная логистика,FND-76112,4f714c73db51
C0418,АО «Альфа-Групп-418»,6643310271,2008,Псковская обл.,62.01,Разработка ПО,FND-73538,7d0a9bd08315
C0419,ООО «Кристалл-Холдинг-419»,8101253076,2022,Иркутская обл.,52.29,Транспортная логистика,FND-67757,fc9e62695def
C0420,ООО «Восточный-Корп-420»,656616450,2023,Тамбовская обл.,46.9,Оптовая торговля,FND-36442,77340c2e00e9
C0421,ООО «Альфа-Сервис-421»,8609086705,2021,Курская обл.,49.41,Грузоперевозки автомобильным транспортом,FND-52294,51594de14eeb
C0422,АО «Промт-Маркет-422»,2314334086,2021,Вологодская обл.,49.41,Грузоперевозки автомобильным транспортом,FND-15759,4da04049a062
C0423,ООО «Союз-Пром-423»,7952036397,2022,Саратовская обл.,62.02,IT-консалтинг,FND-53522,efd7e9ed0e5e
C0424,ООО «Атлас-Трейд-424»,6536259268,2022,Пензенская обл.,70.22,Управленческий консалтинг,FND-40984,cf866614b6b1
C0425,АО «Монолит-Маркет-425»,1209597326,2020,Свердловская обл.,10.71,Производство хлебобулочных изделий,FND-78271,3f78fa1cdb0e
C0426,АО «Строй-Маркет-426»,5962676334,2023,Республика Крым,47.11,Розничная торговля,FND-18469,7d5430cf85f7
C0427,ООО «Вектор-Групп-427»,1572544114,2015,Республика Ингушетия,46.9,Оптовая торговля,FND-42632,77d2afcb31f6
C0428,ООО «Гранит-Инвест-428»,3446419474,2022,Самарская обл.,49.41,Грузоперевозки автомобильным транспортом,FND-49351,95a0810a93a8
C0429,АО «Восточный-Холдинг-429»,3601411057,2022,Сахалинская обл.,43.21,Электромонтажные работы,FND-63025,83a100ec3c2c
C0430,АО «Омега-Групп-430»,3514297546,2023,Республика Крым,56.1,Рестораны и кафе,FND-95315,ec20019911a7
C0431,ПАО «Союз-Инжиниринг-431»,616912561,2020,Пермский край,52.29,Транспортная логистика,FND-43730,3487596cf54c
C0432,АО «Прогресс-Инвест-432»,2396334870,2018,Еврейская АО,10.71,Производство хлебобулочных изделий,FND-85053,bee3d07327a2
C0433,ПАО «Монолит-Трейд-433»,9800656713,2021,Саратовская обл.,49.41,Грузоперевозки автомобильным транспортом,FND-35954,cc225865b743
C0434,ООО «Трейд-Трейд-434»,7819849160,2023,Республика Крым,68.2,Аренда недвижимости,FND-59509,d79c6256b9bd
C0435,АО «Мастер-Ко-435»,1070590506,2022,Калужская обл.,47.11,Розничная торговля,FND-73691,b05851605ad0
C0436,АО «Инвест-Маркет-436»,9630331467,2020,Саратовская обл.,55.1,Гостиницы,FND-13365,ddbc86dc4b2f
C0437,АО «Восточный-Торг-437»,6856069368,2018,Курская обл.,62.01,Разработка ПО,FND-98857,b05b57f6add8
C0438,АО «Южный-Логистик-438»,9897211558,2012,Республика Карелия,56.1,Рестораны и кафе,FND-14160,2cd4e8a2ce08
C0439,АО «Прогресс-Логистик-439»,9452196190,2023,Курская обл.,62.02,IT-консалтинг,FND-60264,28659414dab9
C0440,ПАО «Вектор-Пром-440»,6473259039,2012,Тамбовская обл.,1.11,Выращивание зерновых,FND-95710,d26b10ca0de4
C0441,АО «Сигма-Групп-441»,797138950,2012,Республика Татарстан,52.29,Транспортная логистика,FND-87340,e551d3ddbf87
C0442,ПАО «Финанс-Плюс-442»,5623541984,2020,Орловская обл.,55.1,Гостиницы,FND-29323,d16a974d4d6d
C0443,ПАО «Союз-Групп-443»,2856229081,2019,Хабаровский край,46.9,Оптовая торговля,FND-39500,5ec91aac30ea
C0444,ПАО «Прогресс-Трейд-444»,5369735261,2019,Иркутская обл.,2.4,Лесозаготовка,FND-61612,d88518acbcc3
C0445,ПАО «Монолит-Логистик-445»,6544828163,2008,Карачаево-Черкесская Республика,20.16,Производство пластмасс,FND-23362,020bf2c45e7b
C0446,ООО «Промт-Сервис-446»,9109659640,2015,Ярославская обл.,55.1,Гостиницы,FND-61989,00482b9bed15
C0447,ПАО «Финанс-Инжиниринг-447»,6786263104,2021,Амурская обл.,43.21,Электромонтажные работы,FND-39482,8bf1211fd4b7
C0448,ПАО «Прогресс-Инвест-448»,4645009718,2012,Московская обл.,1.11,Выращивание зерновых,FND-61615,81d7118d88d5
C0449,ПАО «Инвест-Ко-449»,6726186043,2023,Свердловская обл.,1.11,Выращивание зерновых,FND-26884,6ba0bf4c0fe3
C0450,ООО «Промт-Пром-450»,2919620992,2008,Курганская обл.,10.71,Производство хлебобулочных изделий,FND-68316,47810f956e3d
C0451,ПАО «Ресурс-Пром-451»,2082128962,2020,Ивановская обл.,70.22,Управленческий консалтинг,FND-46358,c6335734dbc0
C0452,АО «Техно-Плюс-452»,4024650796,2019,Приморский край,10.71,Производство хлебобулочных изделий,FND-58777,04f2a4140112
C0453,АО «Финанс-Инвест-453»,3922564309,2015,Калужская обл.,86.21,Частная медицина,FND-29179,a18630ab1c3b
C0454,АО «Промт-Ко-454»,9173845785,2018,Республика Ингушетия,56.1,Рестораны и кафе,FND-22984,61b4a64be663
C0455,ПАО «Бизнес-Инвест-455»,4105113707,2023,Вологодская обл.,43.21,Электромонтажные работы,FND-42651,45b4f8abe6c1
C0456,АО «Металл-Холдинг-456»,2498838943,2020,Челябинская обл.,43.21,Электромонтажные работы,FND-93188,d282ef263719
C0457,ООО «Партнёр-Холдинг-457»,5489457459,2008,Курганская обл.,10.71,Производство хлебобулочных изделий,FND-26343,16bda725ae44
C0458,ПАО «Гранит-Маркет-458»,9699960419,2023,Республика Хакасия,47.11,Розничная торговля,FND-39500,85690f81aadc
C0459,АО «Кристалл-Инвест-459»,1936888242,2008,Москва,41.2,Строительство зданий,FND-92729,827d73770aaf
C0460,АО «Бизнес-Логистик-460»,42137404,2008,Ханты-Мансийский АО,2.4,Лесозаготовка,FND-21107,1fb36c4ccf88
C0461,ООО «Вектор-Ко-461»,6232418148,2022,Алтайский край,55.1,Гостиницы,FND-28333,49856ed476ad
C0462,ООО «Трейд-Холдинг-462»,379114624,2018,Чувашская Республика,69.2,Аудит и бухгалтерия,FND-74955,d3a7f48c12e6
C0463,ООО «Промт-Групп-463»,7130608450,2021,Камчатский край,56.1,Рестораны и кафе,FND-47940,9d8df73a3cfb
C0464,ООО «Строй-Холдинг-464»,7892817875,2023,Оренбургская обл.,52.29,Транспортная логистика,FND-34729,219ece62fae8
C0465,ООО «Логист-Маркет-465»,9460043623,2021,Камчатский край,52.29,Транспортная логистика,FND-18041,066d47ae0c1f
C0466,АО «Гранит-Корп-466»,4300072491,2023,Республика Крым,62.02,IT-консалтинг,FND-43064,b0285cbf334b
C0467,ПАО «Ресурс-Ко-467»,8373753623,2008,Республика Башкортостан,25.11,Производство металлоконструкций,FND-27102,5b9373fc1691
C0468,ООО «Сигма-Пром-468»,6347511478,2022,Севастополь,49.41,Грузоперевозки автомобильным транспортом,FND-55526,077fd57e57aa
C0469,АО «Южный-Пром-469»,9505610576,2023,Республика Крым,25.11,Производство металлоконструкций,FND-74884,7ab6acc5bbf2
C0470,АО «Ресурс-Ко-470»,3620550955,2023,Республика Хакасия,43.21,Электромонтажные работы,FND-43925,e32c51ad3972
C0471,ООО «Омега-Пром-471»,2018927628,2015,Курганская обл.,62.01,Разработка ПО,FND-25228,37693cfc7480
C0472,ООО «Союз-Пром-472»,2182960372,2020,Тверская обл.,86.21,Частная медицина,FND-12049,070c425fd005
C0473,ПАО «Логист-Инжиниринг-473»,6582258712,2021,Мурманская обл.,25.11,Производство металлоконструкций,FND-58318,cbf8710b43df
C0474,ООО «Трейд-Торг-474»,4760113600,2015,Калининградская обл.,1.11,Выращивание зерновых,FND-69640,972cda1e62b7
C0475,ПАО «Промт-Инвест-475»,3108917295,2008,Санкт-Петербург,41.2,Строительство зданий,FND-23938,24357dd085d2
C0476,ПАО «Восточный-Плюс-476»,3425250051,2022,Смоленская обл.,10.71,Производство хлебобулочных изделий,FND-28590,98f137082101
C0477,АО «Техно-Холдинг-477»,2838811119,2015,Ивановская обл.,52.29,Транспортная логистика,FND-19999,92dfa194391a
C0478,АО «Металл-Сервис-478»,5616383196,2015,Тульская обл.,46.9,Оптовая торговля,FND-20009,19ca14e7ea63
C0479,АО «Вектор-Инвест-479»,4798147131,2015,Томская обл.,41.2,Строительство зданий,FND-56217,067ee197a2aa
C0480,ООО «Финанс-Инжиниринг-480»,9355452075,2020,Ульяновская обл.,55.1,Гостиницы,FND-21436,31c0b36aef26
C0481,ООО «Промт-Трейд-481»,9387148594,2022,Хабаровский край,47.11,Розничная торговля,FND-39437,23ce1851341e
C0482,ПАО «Южный-Сервис-482»,154511120,2008,Смоленская обл.,41.2,Строительство зданий,FND-29623,5848ad959570
C0483,АО «Южный-Корп-483»,3762180750,2019,Республика Саха (Якутия),2.4,Лесозаготовка,FND-99116,3423c8199b1e
C0484,АО «Союз-Маркет-484»,4195912621,2023,Севастополь,62.01,Разработка ПО,FND-89309,0ce2ffd21fc9
C0485,АО «Прогресс-Трейд-485»,8611068025,2021,Нижегородская обл.,1.11,Выращивание зерновых,FND-37775,fac7fead96da
C0486,ООО «Логист-Групп-486»,9557039032,2008,Астраханская обл.,49.41,Грузоперевозки автомобильным транспортом,FND-75564,68a9750337a4
C0487,АО «Южный-Корп-487»,5570748016,2012,Самарская обл.,69.2,Аудит и бухгалтерия,FND-92044,aa486f25175c
C0488,ПАО «Прогресс-Пром-488»,5769373384,2015,Томская обл.,49.41,Грузоперевозки автомобильным транспортом,FND-41340,73640de25b7d
C0489,ООО «Финанс-Трейд-489»,1859700391,2022,Владимирская обл.,10.71,Производство хлебобулочных изделий,FND-85564,e769e03a9d32
C0490,АО «Кристалл-Холдинг-490»,7499943246,2022,Волгоградская обл.,43.21,Электромонтажные работы,FND-67780,37d7902cb2d3
C0491,ПАО «Восточный-Холдинг-491»,8909076511,2021,Тамбовская обл.,70.22,Управленческий консалтинг,FND-30736,dcf3219715a7
C0492,ПАО «Сигма-Сервис-492»,4694079971,2022,Брянская обл.,52.29,Транспортная логистика,FND-18450,fa7518562603
C0493,ООО «Логист-Логистик-493»,146306393,2022,Мурманская обл.,1.11,Выращивание зерновых,FND-43730,7535bbb91c8f
C0494,ООО «Вектор-Групп-494»,2084428108,2015,Республика Саха (Якутия),55.1,Гостиницы,FND-54829,d91caca74114
C0495,ПАО «Финанс-Плюс-495»,9495858175,2023,Тюменская обл.,55.1,Гостиницы,FND-52432,c8d12113e225
C0496,ООО «Финанс-Инжиниринг-496»,4504814902,2020,Приморский край,41.2,Строительство зданий,FND-65073,9c58da3f0418
C0497,ООО «Мастер-Торг-497»,9333381494,2018,Ивановская обл.,56.1,Рестораны и кафе,FND-56165,cf79ae6addba
C0498,АО «Гранит-Плюс-498»,5142666799,2022,Красноярский край,25.11,Производство металлоконструкций,FND-21484,15231a7ce4ba
C0499,АО «Партнёр-Ко-499»,6565868275,2012,Пермский край,86.21,Частная медицина,FND-35632,be315e7f05e9
C0500,ООО «Гранит-Ко-500»,2282874294,2021,Санкт-Петербург,68.2,Аренда недвижимости,FND-13440,84b20b1f5a0d
