company_id,year,hypothesis_code,metric,value,zscore,interpretation,interpretation_reason,criticality,criticality_score
C0006,2023,H4,financial_pressure_ratio,1.551914036413242,1.2437582354313876,risk,Повышенное финансовое давление по прокси-индикатору.,high,3
C0006,2024,H4,financial_pressure_ratio,1.4956393197809739,0.6744907594765952,risk,Повышенное финансовое давление по прокси-индикатору.,high,3
C0008,2023,H5,rev_per_emp,1583313017,396.3918582123596,risk,Экстремальная выручка на сотрудника при headcount=1. Вероятны транзитные операции или ошибка в данных.,critical,4
C0008,2024,H5,rev_per_emp,1876536477,321.70550768798694,risk,Экстремальная выручка на сотрудника при headcount=1. Вероятны транзитные операции или ошибка в данных.,critical,4
C0008,2025,H5,rev_per_emp,2475772621,522.4844494584348,risk,Экстремальная выручка на сотрудника при headcount=1. Вероятны транзитные операции или ошибка в данных.,critical,4
C0010,2023,H4,financial_pressure_ratio,1.3706305531281502,0.7154887060516129,risk,Повышенное финансовое давление по прокси-индикатору.,high,3
C0010,2025,H4,financial_pressure_ratio,1.3496421811374517,0.6744907594765952,risk,Повышенное финансовое давление по прокси-индикатору.,high,3
C0011,2023,H4,financial_pressure_ratio,1.3314687582793165,0.601369192461254,risk,Повышенное финансовое давление по прокси-индикатору.,high,3
C0011,2024,H4,financial_pressure_ratio,1.5774539510827994,0.8774119780599093,risk,Повышенное финансовое давление по прокси-индикатору.,high,3
C0012,2023,H4,financial_pressure_ratio,1.3016283202844556,0.33942692575056627,risk,Повышенное финансовое давление по прокси-индикатору.,high,3
C0012,2024,H4,financial_pressure_ratio,1.274983925764829,0.8713217048609458,risk,Повышенное финансовое давление по прокси-индикатору.,high,3
C0012,2025,H4,financial_pressure_ratio,1.482296440319428,1.4524664758881236,risk,Повышенное финансовое давление по прокси-индикатору.,high,3
C0016,2023,H5,rev_per_emp,28276448.51030928,5.648468042622457,economic_signal,"Выручка на сотрудника выше отрасли. Автоматизация, крупный контракт или высокая эффективность.",medium,2
C0016,2024,H5,rev_per_emp,28028444.82485876,4.5519975597495534,economic_signal,"Выручка на сотрудника выше отрасли. Автоматизация, крупный контракт или высокая эффективность.",medium,2
C0016,2025,H3,net_margin,0.10279412039085896,-2.17758050909157,risk,Маржа ниже отрасли. Возможны операционные проблемы.,high,3
C0016,2025,H5,rev_per_emp,21793409.988764044,3.16728415040377,economic_signal,"Выручка на сотрудника выше отрасли. Автоматизация, крупный контракт или высокая эффективность.",medium,2
C0016,2025,H6,multi_flags,2,,economic_signal,"Сработало 2 флагов: H3(-2.2), H5(+3.2). Большинство экономически объяснимо.",medium,2
C0017,2023,H4,financial_pressure_ratio,2.9147957905201354,5.153527916834773,risk,Высокое финансовое давление: opex+налоги+дивиденды слабо покрываются валовой прибылью.,critical,4
C0018,2024,H4,financial_pressure_ratio,2.756616022295546,3.8020356131037323,risk,Высокое финансовое давление: opex+налоги+дивиденды слабо покрываются валовой прибылью.,critical,4
C0018,2025,H4,financial_pressure_ratio,1.2439898233445723,0.2664212907833694,risk,Повышенное финансовое давление по прокси-индикатору.,high,3
C0019,2023,H1,dividends_paid,73859092,,risk,Дивиденды выплачены при убытке. Агрессивная дивидендная политика или вывод средств.,critical,4
C0019,2023,H3,net_margin,-0.0023913769636759595,-3.234851792578524,risk,"Маржа существенно ниже отрасли. Аномалия учёта, демпинг или скрытые расходы.",critical,4
C0019,2023,H6,multi_flags,2,,risk,"Сработало 2 флагов (рисковых: 2): H1(div_at_loss), H3(-3.2). Многомерная аномалия.",critical,4
C0019,2024,H1,dividends_paid,45565740,,risk,Дивиденды выплачены при убытке. Агрессивная дивидендная политика или вывод средств.,critical,4
C0019,2024,H3,net_margin,-0.0021306980484371647,-2.4309140908495532,risk,Маржа ниже отрасли. Возможны операционные проблемы.,high,3
C0019,2024,H6,multi_flags,2,,risk,"Сработало 2 флагов (рисковых: 2): H1(div_at_loss), H3(-2.4). Многомерная аномалия.",critical,4
C0019,2025,H1,dividends_paid,62274955,,risk,Дивиденды выплачены при убытке. Агрессивная дивидендная политика или вывод средств.,critical,4
C0019,2025,H2,rev_growth,0.18486559157297688,-0.4521861726895391,risk,Рост выручки при сокращении штата без роста производительности.,high,3
C0019,2025,H3,net_margin,-0.0047593847614017856,-3.544054981837722,risk,"Маржа существенно ниже отрасли. Аномалия учёта, демпинг или скрытые расходы.",critical,4
C0019,2025,H6,multi_flags,3,,risk,"Сработало 3 флагов (рисковых: 3): H1(div_at_loss), H2(risk), H3(-3.5). Многомерная аномалия.",critical,4
C0030,2023,H4,financial_pressure_ratio,1.4326204642451235,0.8961305415825312,risk,Повышенное финансовое давление по прокси-индикатору.,high,3
C0036,2024,H2,rev_growth,0.23304803597057222,1.2029144088127455,risk,Рост выручки при сокращении штата без роста производительности.,high,3
C0037,2023,H3,net_margin,0.6511323955826622,3.2141092062453582,economic_signal,Маржа существенно выше отрасли. Высокая эффективность или ценовое преимущество.,medium,2
C0040,2024,H4,financial_pressure_ratio,1.2935141938708146,0.17316873182259854,risk,Повышенное финансовое давление по прокси-индикатору.,high,3
C0041,2024,H3,net_margin,0.07119830459613526,-2.5450401315537325,risk,Маржа ниже отрасли. Возможны операционные проблемы.,high,3
C0046,2025,H3,net_margin,0.07304237657453419,-2.260034793058812,risk,Маржа ниже отрасли. Возможны операционные проблемы.,high,3
C0046,2025,H4,financial_pressure_ratio,1.2028502019562928,1.6525763656138597,risk,Повышенное финансовое давление по прокси-индикатору.,high,3
C0046,2025,H6,multi_flags,2,,risk,"Сработало 2 флагов (рисковых: 2): H3(-2.3), H4(fpr=1.20). Многомерная аномалия.",critical,4
C0047,2023,H4,financial_pressure_ratio,1.3787316457902787,0.5695228101408226,risk,Повышенное финансовое давление по прокси-индикатору.,high,3
C0048,2023,H3,net_margin,0.07224688832703281,-5.64966451983831,risk,"Маржа существенно ниже отрасли. Аномалия учёта, демпинг или скрытые расходы.",critical,4
C0048,2024,H3,net_margin,0.076576563476495,-4.376437936955838,risk,"Маржа существенно ниже отрасли. Аномалия учёта, демпинг или скрытые расходы.",critical,4
C0048,2025,H3,net_margin,0.11569275930546495,-4.696731420039048,risk,"Маржа существенно ниже отрасли. Аномалия учёта, демпинг или скрытые расходы.",critical,4
C0048,2025,H4,financial_pressure_ratio,1.2176280680046583,6.905597288142472,risk,Повышенное финансовое давление по прокси-индикатору.,high,3
C0048,2025,H6,multi_flags,2,,risk,"Сработало 2 флагов (рисковых: 2): H3(-4.7), H4(fpr=1.22). Многомерная аномалия.",critical,4
C0050,2023,H5,rev_per_emp,63255127,13.691355624160003,risk,Экстремальная выручка на сотрудника при headcount=1. Вероятны транзитные операции или ошибка в данных.,critical,4
C0050,2024,H5,rev_per_emp,32839920.5,5.055257385957248,risk,Экстремальная выручка на сотрудника при headcount=2. Вероятны транзитные операции или ошибка в данных.,critical,4
C0050,2025,H5,rev_per_emp,41614233.5,6.821334279422737,risk,Экстремальная выручка на сотрудника при headcount=2. Вероятны транзитные операции или ошибка в данных.,critical,4
C0052,2023,H3,net_margin,0.2827450225894988,2.22374878832278,economic_signal,Маржа выше отрасли. Повышенная эффективность.,low,1
C0053,2025,H3,net_margin,0.12284605778697637,-2.2519108826363787,risk,Маржа ниже отрасли. Возможны операционные проблемы.,high,3
C0055,2023,H3,net_margin,0.28405020179317547,3.1954774667857504,economic_signal,Маржа существенно выше отрасли. Высокая эффективность или ценовое преимущество.,medium,2
C0055,2024,H2,rev_growth,0.2474377977083897,-0.49437537589847885,risk,Рост выручки при сокращении штата без роста производительности.,high,3
C0057,2024,H4,financial_pressure_ratio,1.8485045849695307,2.658475048605781,risk,Повышенное финансовое давление по прокси-индикатору.,high,3
C0057,2025,H3,net_margin,0.2333988012697672,2.8728328178120526,economic_signal,Маржа выше отрасли. Повышенная эффективность.,low,1
C0060,2024,H2,rev_growth,0.1764183350624957,-0.3043974632514244,risk,Рост выручки при сокращении штата без роста производительности.,high,3
C0061,2025,H3,net_margin,-0.008842589491514697,-2.313285309803791,risk,Маржа ниже отрасли. Возможны операционные проблемы.,high,3
C0061,2025,H4,financial_pressure_ratio,1.7303670646197866,2.1449946286424715,risk,Повышенное финансовое давление по прокси-индикатору.,high,3
C0061,2025,H6,multi_flags,2,,risk,"Сработало 2 флагов (рисковых: 2): H3(-2.3), H4(fpr=1.73). Многомерная аномалия.",critical,4
C0062,2023,H3,net_margin,0.08315760179237588,-3.3660392051767887,risk,"Маржа существенно ниже отрасли. Аномалия учёта, демпинг или скрытые расходы.",critical,4
C0062,2023,H4,financial_pressure_ratio,1.2729929352085636,3.2175549531744996,risk,Повышенное финансовое давление по прокси-индикатору.,high,3
C0062,2023,H6,multi_flags,2,,risk,"Сработало 2 флагов (рисковых: 2): H3(-3.4), H4(fpr=1.27). Многомерная аномалия.",critical,4
C0062,2024,H3,net_margin,0.0635243260881184,-4.9575533558315446,risk,"Маржа существенно ниже отрасли. Аномалия учёта, демпинг или скрытые расходы.",critical,4
C0062,2025,H3,net_margin,0.007559042942441431,-5.967414750283025,risk,"Маржа существенно ниже отрасли. Аномалия учёта, демпинг или скрытые расходы.",critical,4
C0062,2025,H4,financial_pressure_ratio,2.193740445039887,6.213603124113082,risk,Высокое финансовое давление: opex+налоги+дивиденды слабо покрываются валовой прибылью.,critical,4
C0062,2025,H6,multi_flags,2,,risk,"Сработало 2 флагов (рисковых: 2): H3(-6.0), H4(fpr=2.19). Многомерная аномалия.",critical,4
C0063,2023,H3,net_margin,0.095329399737863,-5.321933925105506,risk,"Маржа существенно ниже отрасли. Аномалия учёта, демпинг или скрытые расходы.",critical,4
C0063,2024,H3,net_margin,0.089462257204088,-4.232352319509785,risk,"Маржа существенно ниже отрасли. Аномалия учёта, демпинг или скрытые расходы.",critical,4
C0063,2025,H3,net_margin,0.05140494649723397,-5.549167563258274,risk,"Маржа существенно ниже отрасли. Аномалия учёта, демпинг или скрытые расходы.",critical,4
C0063,2025,H4,financial_pressure_ratio,1.4891433842846251,9.139912314850326,risk,Повышенное финансовое давление по прокси-индикатору.,high,3
C0063,2025,H6,multi_flags,2,,risk,"Сработало 2 флагов (рисковых: 2): H3(-5.5), H4(fpr=1.49). Многомерная аномалия.",critical,4
C0065,2023,H5,rev_per_emp,15972674.25,3.2124449043494048,economic_signal,"Выручка на сотрудника выше отрасли. Автоматизация, крупный контракт или высокая эффективность.",medium,2
C0065,2024,H5,rev_per_emp,23564904.75,5.790691908378074,economic_signal,"Выручка на сотрудника выше отрасли. Автоматизация, крупный контракт или высокая эффективность.",medium,2
C0065,2025,H5,rev_per_emp,24356242,7.477138848903129,economic_signal,"Выручка на сотрудника выше отрасли. Автоматизация, крупный контракт или высокая эффективность.",medium,2
C0069,2023,H1,dividends_paid,86117582,,risk,Дивиденды выплачены при убытке. Агрессивная дивидендная политика или вывод средств.,critical,4
C0069,2023,H3,net_margin,-0.00032258498944397673,-6.6800219287940905,risk,"Маржа существенно ниже отрасли. Аномалия учёта, демпинг или скрытые расходы.",critical,4
C0069,2023,H6,multi_flags,2,,risk,"Сработало 2 флагов (рисковых: 2): H1(div_at_loss), H3(-6.7). Многомерная аномалия.",critical,4
C0069,2024,H1,payout_ratio,22.59322981616316,,risk,payout_ratio >= 1.5. Агрессивная дивидендная политика.,critical,4
C0069,2024,H3,net_margin,0.0023550187337421026,-5.206370521738529,risk,"Маржа существенно ниже отрасли. Аномалия учёта, демпинг или скрытые расходы.",critical,4
C0069,2024,H6,multi_flags,2,,risk,"Сработало 2 флагов (рисковых: 2): H1(payout=22.6), H3(-5.2). Многомерная аномалия.",critical,4
C0069,2025,H1,payout_ratio,66.02708427525093,,risk,payout_ratio >= 1.5. Агрессивная дивидендная политика.,critical,4
C0069,2025,H3,net_margin,0.0018653026720292108,-6.2060476323435445,risk,"Маржа существенно ниже отрасли. Аномалия учёта, демпинг или скрытые расходы.",critical,4
C0069,2025,H6,multi_flags,2,,risk,"Сработало 2 флагов (рисковых: 2): H1(payout=66.0), H3(-6.2). Многомерная аномалия.",critical,4
C0077,2023,H3,net_margin,0.04087932873770899,-4.188572188404214,risk,"Маржа существенно ниже отрасли. Аномалия учёта, демпинг или скрытые расходы.",critical,4
C0077,2023,H4,financial_pressure_ratio,1.6003509960556943,5.445698964135765,risk,Повышенное финансовое давление по прокси-индикатору.,high,3
C0077,2023,H6,multi_flags,2,,risk,"Сработало 2 флагов (рисковых: 2): H3(-4.2), H4(fpr=1.60). Многомерная аномалия.",critical,4
C0077,2024,H3,net_margin,0.04970442185922473,-6.821151085698582,risk,"Маржа существенно ниже отрасли. Аномалия учёта, демпинг или скрытые расходы.",critical,4
C0077,2025,H3,net_margin,0.10947137854158778,-3.0980106295402345,risk,"Маржа существенно ниже отрасли. Аномалия учёта, демпинг или скрытые расходы.",critical,4
C0079,2023,H3,net_margin,0.09558645420883949,-2.700541912781038,risk,Маржа ниже отрасли. Возможны операционные проблемы.,high,3
C0079,2024,H4,financial_pressure_ratio,1.2832578045491396,3.300657560613895,risk,Повышенное финансовое давление по прокси-индикатору.,high,3
C0085,2023,H5,rev_per_emp,22466154.5,4.200813777753267,risk,Экстремальная выручка на сотрудника при headcount=2. Вероятны транзитные операции или ошибка в данных.,critical,4
C0085,2024,H5,rev_per_emp,21320149,3.1560766849028625,risk,Экстремальная выручка на сотрудника при headcount=2. Вероятны транзитные операции или ошибка в данных.,critical,4
C0085,2025,H5,rev_per_emp,30358811.5,4.897903867703101,risk,Экстремальная выручка на сотрудника при headcount=2. Вероятны транзитные операции или ошибка в данных.,critical,4
C0088,2024,H2,rev_growth,1.046795157753892,1.702948282740716,risk,Рост выручки при сокращении штата без роста производительности.,high,3
C0091,2023,H3,net_margin,0.39259556675581586,2.201721495952233,economic_signal,Маржа выше отрасли. Повышенная эффективность.,low,1
C0104,2023,H1,dividends_paid,43075701,,risk,Дивиденды выплачены при убытке. Агрессивная дивидендная политика или вывод средств.,critical,4
C0104,2023,H3,net_margin,-0.0020284327169135877,-3.7492560168705804,risk,"Маржа существенно ниже отрасли. Аномалия учёта, демпинг или скрытые расходы.",critical,4
C0104,2023,H6,multi_flags,2,,risk,"Сработало 2 флагов (рисковых: 2): H1(div_at_loss), H3(-3.7). Многомерная аномалия.",critical,4
C0104,2024,H1,dividends_paid,72784180,,risk,Дивиденды выплачены при убытке. Агрессивная дивидендная политика или вывод средств.,critical,4
C0104,2024,H3,net_margin,-0.00070342148297781,-4.179172058327948,risk,"Маржа существенно ниже отрасли. Аномалия учёта, демпинг или скрытые расходы.",critical,4
C0104,2024,H6,multi_flags,2,,risk,"Сработало 2 флагов (рисковых: 2): H1(div_at_loss), H3(-4.2). Многомерная аномалия.",critical,4
C0104,2025,H1,dividends_paid,45591545,,risk,Дивиденды выплачены при убытке. Агрессивная дивидендная политика или вывод средств.,critical,4
C0104,2025,H3,net_margin,-0.0004001456139863416,-3.2289644728656315,risk,"Маржа существенно ниже отрасли. Аномалия учёта, демпинг или скрытые расходы.",critical,4
C0104,2025,H6,multi_flags,2,,risk,"Сработало 2 флагов (рисковых: 2): H1(div_at_loss), H3(-3.2). Многомерная аномалия.",critical,4
C0107,2023,H4,financial_pressure_ratio,1.294196160991812,0.4927548991399653,risk,Повышенное финансовое давление по прокси-индикатору.,high,3
C0107,2025,H4,financial_pressure_ratio,1.7353845341211551,2.164373998458541,risk,Повышенное финансовое давление по прокси-индикатору.,high,3
C0109,2023,H5,rev_per_emp,15008977.36,3.024426572383825,economic_signal,"Выручка на сотрудника выше отрасли. Автоматизация, крупный контракт или высокая эффективность.",medium,2
C0109,2024,H3,net_margin,0.2080012886915839,2.1745131718957906,economic_signal,Маржа выше отрасли. Повышенная эффективность.,low,1
C0110,2023,H3,net_margin,0.10448048519776501,-2.0647916082646542,risk,Маржа ниже отрасли. Возможны операционные проблемы.,high,3
C0112,2023,H5,rev_per_emp,35754058.838323355,6.901122602816887,economic_signal,"Выручка на сотрудника выше отрасли. Автоматизация, крупный контракт или высокая эффективность.",medium,2
C0112,2024,H5,rev_per_emp,38702599.64779874,7.166867284314071,economic_signal,"Выручка на сотрудника выше отрасли. Автоматизация, крупный контракт или высокая эффективность.",medium,2
C0112,2025,H5,rev_per_emp,31683137.79605263,5.223380633219538,economic_signal,"Выручка на сотрудника выше отрасли. Автоматизация, крупный контракт или высокая эффективность.",medium,2
C0113,2023,H3,net_margin,0.04250072471672354,-3.900655118568071,risk,"Маржа существенно ниже отрасли. Аномалия учёта, демпинг или скрытые расходы.",critical,4
C0113,2023,H4,financial_pressure_ratio,1.3428024544158326,3.266254298087033,risk,Повышенное финансовое давление по прокси-индикатору.,high,3
C0113,2023,H6,multi_flags,2,,risk,"Сработало 2 флагов (рисковых: 2): H3(-3.9), H4(fpr=1.34). Многомерная аномалия.",critical,4
C0113,2024,H3,net_margin,0.07385923988834196,-3.91568709384167,risk,"Маржа существенно ниже отрасли. Аномалия учёта, демпинг или скрытые расходы.",critical,4
C0113,2025,H3,net_margin,0.014445711562267519,-3.764413738394665,risk,"Маржа существенно ниже отрасли. Аномалия учёта, демпинг или скрытые расходы.",critical,4
C0113,2025,H4,financial_pressure_ratio,1.390625575405259,4.531308421393904,risk,Повышенное финансовое давление по прокси-индикатору.,high,3
C0113,2025,H6,multi_flags,2,,risk,"Сработало 2 флагов (рисковых: 2): H3(-3.8), H4(fpr=1.39). Многомерная аномалия.",critical,4
C0115,2025,H3,net_margin,0.5848060564279856,2.2068553807086215,economic_signal,Маржа выше отрасли. Повышенная эффективность.,low,1
C0120,2023,H5,rev_per_emp,11660703.875,4.316141230497833,economic_signal,"Выручка на сотрудника выше отрасли. Автоматизация, крупный контракт или высокая эффективность.",medium,2
C0121,2023,H4,financial_pressure_ratio,1.7203360962128358,1.5889571551054826,risk,Повышенное финансовое давление по прокси-индикатору.,high,3
C0122,2025,H2,rev_growth,0.17229492723035378,-0.6642854277054941,risk,Рост выручки при сокращении штата без роста производительности.,high,3
C0124,2024,H2,rev_growth,0.7349813335998323,-0.25053275275366343,risk,Рост выручки при сокращении штата без роста производительности.,high,3
C0124,2025,H2,rev_growth,0.9901180438251227,0.3158908729590594,risk,Рост выручки при сокращении штата без роста производительности.,high,3
C0128,2023,H3,net_margin,0.2832287885008063,3.1658863682070297,economic_signal,Маржа существенно выше отрасли. Высокая эффективность или ценовое преимущество.,medium,2
C0129,2025,H2,rev_growth,0.2331927764220323,0.6748742778510347,risk,Рост выручки при сокращении штата без роста производительности.,high,3
C0131,2023,H3,net_margin,0.42411506723147274,2.1396371940211423,economic_signal,Маржа выше отрасли. Повышенная эффективность.,low,1
C0134,2023,H5,rev_per_emp,28026449.5,6.101637048420751,risk,Экстремальная выручка на сотрудника при headcount=2. Вероятны транзитные операции или ошибка в данных.,critical,4
C0134,2024,H5,rev_per_emp,17909510,3.453045692702937,risk,Экстремальная выручка на сотрудника при headcount=3. Вероятны транзитные операции или ошибка в данных.,critical,4
C0134,2025,H5,rev_per_emp,21090166,3.965921235063692,risk,Экстремальная выручка на сотрудника при headcount=3. Вероятны транзитные операции или ошибка в данных.,critical,4
C0135,2024,H3,net_margin,0.3663281687081307,3.000088505464672,economic_signal,Маржа существенно выше отрасли. Высокая эффективность или ценовое преимущество.,medium,2
C0136,2023,H4,financial_pressure_ratio,1.337468936716408,0.6188540255068119,risk,Повышенное финансовое давление по прокси-индикатору.,high,3
C0136,2025,H4,financial_pressure_ratio,1.3480215224100445,0.6682311609248752,risk,Повышенное финансовое давление по прокси-индикатору.,high,3
C0137,2023,H5,rev_per_emp,20628752,7.198900365048925,risk,Экстремальная выручка на сотрудника при headcount=2. Вероятны транзитные операции или ошибка в данных.,critical,4
C0137,2024,H5,rev_per_emp,16250375,4.0393355784877105,risk,Экстремальная выручка на сотрудника при headcount=3. Вероятны транзитные операции или ошибка в данных.,critical,4
C0137,2025,H3,net_margin,0.4141670830503967,2.199428182826877,economic_signal,Маржа выше отрасли. Повышенная эффективность.,low,1
C0148,2023,H5,rev_per_emp,26808682.284974094,12.91122566571726,economic_signal,"Выручка на сотрудника выше отрасли. Автоматизация, крупный контракт или высокая эффективность.",medium,2
C0148,2024,H5,rev_per_emp,23856525.83710407,7.596671678006913,economic_signal,"Выручка на сотрудника выше отрасли. Автоматизация, крупный контракт или высокая эффективность.",medium,2
C0148,2025,H5,rev_per_emp,23282281.5215311,4.394287007000685,economic_signal,"Выручка на сотрудника выше отрасли. Автоматизация, крупный контракт или высокая эффективность.",medium,2
C0150,2023,H4,financial_pressure_ratio,2.4495220242061118,3.765032958397146,risk,Высокое финансовое давление: opex+налоги+дивиденды слабо покрываются валовой прибылью.,critical,4
C0150,2025,H4,financial_pressure_ratio,1.2958533573971864,0.787590293190497,risk,Повышенное финансовое давление по прокси-индикатору.,high,3
C0154,2023,H5,rev_per_emp,23365281,8.37973812206894,risk,Экстремальная выручка на сотрудника при headcount=3. Вероятны транзитные операции или ошибка в данных.,critical,4
C0154,2024,H5,rev_per_emp,25817305.333333332,7.1096841236426735,risk,Экстремальная выручка на сотрудника при headcount=3. Вероятны транзитные операции или ошибка в данных.,critical,4
C0154,2025,H5,rev_per_emp,27199297.25,6.154309234867411,economic_signal,"Выручка на сотрудника выше отрасли. Автоматизация, крупный контракт или высокая эффективность.",medium,2
C0156,2023,H3,net_margin,-0.04676575504522577,-3.039882458597726,risk,"Маржа существенно ниже отрасли. Аномалия учёта, демпинг или скрытые расходы.",critical,4
C0156,2023,H4,financial_pressure_ratio,3.214829073402594,6.089579421509394,risk,Высокое финансовое давление: opex+налоги+дивиденды слабо покрываются валовой прибылью.,critical,4
C0156,2023,H6,multi_flags,2,,risk,"Сработало 2 флагов (рисковых: 2): H3(-3.0), H4(fpr=3.21). Многомерная аномалия.",critical,4
C0158,2024,H3,net_margin,0.6264629794115962,2.1871825868032717,economic_signal,Маржа выше отрасли. Повышенная эффективность.,low,1
C0159,2025,H3,net_margin,0.08774807510572032,-2.111774774371537,risk,Маржа ниже отрасли. Возможны операционные проблемы.,high,3
C0162,2023,H3,net_margin,0.06064005661092835,-3.9885475785307105,risk,"Маржа существенно ниже отрасли. Аномалия учёта, демпинг или скрытые расходы.",critical,4
C0162,2023,H4,financial_pressure_ratio,1.326746492298808,4.11560120666419,risk,Повышенное финансовое давление по прокси-индикатору.,high,3
C0162,2023,H6,multi_flags,2,,risk,"Сработало 2 флагов (рисковых: 2): H3(-4.0), H4(fpr=1.33). Многомерная аномалия.",critical,4
C0162,2024,H3,net_margin,0.11845027266938142,-5.701408958346852,risk,"Маржа существенно ниже отрасли. Аномалия учёта, демпинг или скрытые расходы.",critical,4
C0162,2025,H3,net_margin,0.06568870628218133,-3.4864160197845524,risk,"Маржа существенно ниже отрасли. Аномалия учёта, демпинг или скрытые расходы.",critical,4
C0162,2025,H4,financial_pressure_ratio,1.205646606727368,4.039700216377082,risk,Повышенное финансовое давление по прокси-индикатору.,high,3
C0162,2025,H6,multi_flags,2,,risk,"Сработало 2 флагов (рисковых: 2): H3(-3.5), H4(fpr=1.21). Многомерная аномалия.",critical,4
C0163,2024,H2,rev_growth,0.9577757705269212,0.43155864637772523,risk,Рост выручки при сокращении штата без роста производительности.,high,3
C0164,2023,H5,rev_per_emp,619847290,349.40608779856717,risk,Экстремальная выручка на сотрудника при headcount=3. Вероятны транзитные операции или ошибка в данных.,critical,4
C0164,2024,H5,rev_per_emp,688458651,272.85700230691896,risk,Экстремальная выручка на сотрудника при headcount=3. Вероятны транзитные операции или ошибка в данных.,critical,4
C0164,2025,H5,rev_per_emp,689774601,164.44759031274037,risk,Экстремальная выручка на сотрудника при headcount=3. Вероятны транзитные операции или ошибка в данных.,critical,4
C0172,2025,H2,rev_growth,1.0062741740220287,-0.36081207731896325,risk,Рост выручки при сокращении штата без роста производительности.,high,3
C0173,2023,H3,net_margin,0.3461121343236272,2.391989967736363,economic_signal,Маржа выше отрасли. Повышенная эффективность.,low,1
C0176,2023,H5,rev_per_emp,22005521.333333332,4.086045477374316,risk,Экстремальная выручка на сотрудника при headcount=3. Вероятны транзитные операции или ошибка в данных.,critical,4
C0176,2025,H5,rev_per_emp,27824782.5,4.385909123982616,risk,Экстремальная выручка на сотрудника при headcount=2. Вероятны транзитные операции или ошибка в данных.,critical,4
C0177,2025,H2,rev_growth,0.16833659354899022,0.6744907594765952,risk,Рост выручки при сокращении штата без роста производительности.,high,3
C0178,2023,H3,net_margin,0.13080107457187948,-2.325263520529781,risk,Маржа ниже отрасли. Возможны операционные проблемы.,high,3
C0178,2025,H2,rev_growth,0.1514672582552976,-0.21720900993465764,risk,Рост выручки при сокращении штата без роста производительности.,high,3
C0178,2025,H3,net_margin,0.30747112071475396,2.141436951658045,economic_signal,Маржа выше отрасли. Повышенная эффективность.,low,1
C0178,2025,H6,multi_flags,2,,economic_signal,"Сработало 2 флагов: H2(risk), H3(+2.1). Большинство экономически объяснимо.",medium,2
C0180,2024,H3,net_margin,0.28748028518379043,2.3706580842605343,economic_signal,Маржа выше отрасли. Повышенная эффективность.,low,1
C0184,2024,H4,financial_pressure_ratio,2.153020990462751,3.60738160248133,risk,Высокое финансовое давление: opex+налоги+дивиденды слабо покрываются валовой прибылью.,critical,4
C0184,2025,H4,financial_pressure_ratio,2.265931510362068,4.246993823492837,risk,Высокое финансовое давление: opex+налоги+дивиденды слабо покрываются валовой прибылью.,critical,4
C0186,2025,H5,rev_per_emp,19000293.25,3.242593304141217,economic_signal,"Выручка на сотрудника выше отрасли. Автоматизация, крупный контракт или высокая эффективность.",medium,2
C0188,2023,H3,net_margin,0.08412415817500618,-2.567526961020518,risk,Маржа ниже отрасли. Возможны операционные проблемы.,high,3
C0189,2023,H3,net_margin,0.4254976117993016,2.7828002104979612,economic_signal,Маржа выше отрасли. Повышенная эффективность.,low,1
C0189,2023,H5,rev_per_emp,13600383.111111112,5.110506012331205,economic_signal,"Выручка на сотрудника выше отрасли. Автоматизация, крупный контракт или высокая эффективность.",medium,2
C0189,2023,H6,multi_flags,2,,economic_signal,"Сработало 2 флагов: H3(+2.8), H5(+5.1). Большинство экономически объяснимо.",medium,2
C0189,2024,H5,rev_per_emp,13922731.081632653,5.22025248796295,economic_signal,"Выручка на сотрудника выше отрасли. Автоматизация, крупный контракт или высокая эффективность.",medium,2
C0189,2025,H5,rev_per_emp,14158226.204545455,4.574408824904872,economic_signal,"Выручка на сотрудника выше отрасли. Автоматизация, крупный контракт или высокая эффективность.",medium,2
C0190,2023,H3,net_margin,0.3883803811651017,2.1272776545014476,economic_signal,Маржа выше отрасли. Повышенная эффективность.,low,1
C0190,2024,H5,rev_per_emp,9738809.904761905,3.1565005950336924,economic_signal,"Выручка на сотрудника выше отрасли. Автоматизация, крупный контракт или высокая эффективность.",medium,2
C0190,2025,H5,rev_per_emp,11657399.355555555,3.5381689649109975,economic_signal,"Выручка на сотрудника выше отрасли. Автоматизация, крупный контракт или высокая эффективность.",medium,2
C0193,2023,H5,rev_per_emp,325447335.3333333,74.67265313586155,risk,Экстремальная выручка на сотрудника при headcount=3. Вероятны транзитные операции или ошибка в данных.,critical,4
C0193,2024,H5,rev_per_emp,410985846.6666667,74.72063346457296,risk,Экстремальная выручка на сотрудника при headcount=3. Вероятны транзитные операции или ошибка в данных.,critical,4
C0193,2025,H5,rev_per_emp,420128840.6666667,77.6805269956426,risk,Экстремальная выручка на сотрудника при headcount=3. Вероятны транзитные операции или ошибка в данных.,critical,4
C0200,2024,H4,financial_pressure_ratio,1.544220908070472,0.7949855284385116,risk,Повышенное финансовое давление по прокси-индикатору.,high,3
C0201,2024,H2,rev_growth,1.0401075038291427,0.5820903803620617,risk,Рост выручки при сокращении штата без роста производительности.,high,3
C0201,2025,H2,rev_growth,0.8810543495756207,1.8987540972898167,risk,Рост выручки при сокращении штата без роста производительности.,high,3
C0203,2024,H2,rev_growth,0.385160715510696,5.138387752028061,economic_signal,Рост выручки при сокращении штата с ростом rev_per_emp. Автоматизация/аутсорсинг.,medium,2
C0203,2024,H5,rev_per_emp,24526728.666666668,5.138387752028061,risk,Экстремальная выручка на сотрудника при headcount=3. Вероятны транзитные операции или ошибка в данных.,critical,4
C0203,2024,H6,multi_flags,2,,economic_signal,"Сработало 2 флагов: H2(signal), H5(+5.1,micro). Большинство экономически объяснимо.",medium,2
C0206,2023,H4,financial_pressure_ratio,1.2387029936828868,0.1516417870428953,risk,Повышенное финансовое давление по прокси-индикатору.,high,3
C0208,2024,H2,rev_growth,0.15488450750340843,-0.5825406029293393,risk,Рост выручки при сокращении штата без роста производительности.,high,3
C0211,2023,H5,rev_per_emp,15318626.5,5.977831620008278,risk,Экстремальная выручка на сотрудника при headcount=2. Вероятны транзитные операции или ошибка в данных.,critical,4
C0211,2024,H5,rev_per_emp,11847550.666666666,4.1966534935003255,risk,Экстремальная выручка на сотрудника при headcount=3. Вероятны транзитные операции или ошибка в данных.,critical,4
C0211,2025,H5,rev_per_emp,16423331,5.512975154301615,risk,Экстремальная выручка на сотрудника при headcount=3. Вероятны транзитные операции или ошибка в данных.,critical,4
C0213,2023,H5,rev_per_emp,426092588.3333333,148.01912415717175,risk,Экстремальная выручка на сотрудника при headcount=3. Вероятны транзитные операции или ошибка в данных.,critical,4
C0213,2024,H5,rev_per_emp,482354828.3333333,159.93495091525392,risk,Экстремальная выручка на сотрудника при headcount=3. Вероятны транзитные операции или ошибка в данных.,critical,4
C0213,2025,H5,rev_per_emp,485992331,172.31756056308436,risk,Экстремальная выручка на сотрудника при headcount=3. Вероятны транзитные операции или ошибка в данных.,critical,4
C0216,2023,H5,rev_per_emp,16088922.333333334,3.2491055328180485,risk,Экстремальная выручка на сотрудника при headcount=3. Вероятны транзитные операции или ошибка в данных.,critical,4
C0216,2024,H5,rev_per_emp,17313838.666666668,3.777782874022018,risk,Экстремальная выручка на сотрудника при headcount=3. Вероятны транзитные операции или ошибка в данных.,critical,4
C0216,2025,H5,rev_per_emp,16712510.333333334,4.388547929476144,risk,Экстремальная выручка на сотрудника при headcount=3. Вероятны транзитные операции или ошибка в данных.,critical,4
C0217,2024,H3,net_margin,0.042469884034820285,-2.050067707052877,risk,Маржа ниже отрасли. Возможны операционные проблемы.,high,3
C0217,2024,H4,financial_pressure_ratio,1.3717085373532314,2.22256348869482,risk,Повышенное финансовое давление по прокси-индикатору.,high,3
C0217,2024,H6,multi_flags,2,,risk,"Сработало 2 флагов (рисковых: 2): H3(-2.1), H4(fpr=1.37). Многомерная аномалия.",critical,4
C0217,2025,H2,rev_growth,0.16326223450714483,-0.8110967373934201,risk,Рост выручки при сокращении штата без роста производительности.,high,3
C0219,2023,H3,net_margin,0.0424507334379152,-4.172665911361751,risk,"Маржа существенно ниже отрасли. Аномалия учёта, демпинг или скрытые расходы.",critical,4
C0219,2024,H3,net_margin,0.07285488589889699,-6.444073057752604,risk,"Маржа существенно ниже отрасли. Аномалия учёта, демпинг или скрытые расходы.",critical,4
C0219,2025,H3,net_margin,0.06420050704847337,-3.4996181514567564,risk,"Маржа существенно ниже отрасли. Аномалия учёта, демпинг или скрытые расходы.",critical,4
C0220,2023,H5,rev_per_emp,27091478.666666668,4.142524995227831,risk,Экстремальная выручка на сотрудника при headcount=3. Вероятны транзитные операции или ошибка в данных.,critical,4
C0220,2024,H5,rev_per_emp,30759980.333333332,4.65866490803815,risk,Экстремальная выручка на сотрудника при headcount=3. Вероятны транзитные операции или ошибка в данных.,critical,4
C0220,2025,H5,rev_per_emp,25820748.333333332,3.99194009616407,risk,Экстремальная выручка на сотрудника при headcount=3. Вероятны транзитные операции или ошибка в данных.,critical,4
C0221,2024,H2,rev_growth,1.182997368353497,2.5229585030625463,economic_signal,Рост выручки при сокращении штата с ростом rev_per_emp. Автоматизация/аутсорсинг.,medium,2
C0221,2025,H5,rev_per_emp,43869447.95555556,7.685015463448054,economic_signal,"Выручка на сотрудника выше отрасли. Автоматизация, крупный контракт или высокая эффективность.",medium,2
C0226,2023,H5,rev_per_emp,1212571177,265.5051738520147,risk,Экстремальная выручка на сотрудника при headcount=1. Вероятны транзитные операции или ошибка в данных.,critical,4
C0226,2024,H5,rev_per_emp,1550972641,298.91430754185956,risk,Экстремальная выручка на сотрудника при headcount=1. Вероятны транзитные операции или ошибка в данных.,critical,4
C0226,2025,H5,rev_per_emp,1553353409,333.4712164716956,risk,Экстремальная выручка на сотрудника при headcount=1. Вероятны транзитные операции или ошибка в данных.,critical,4
C0227,2023,H3,net_margin,0.18568283828848967,-2.426815428040109,risk,Маржа ниже отрасли. Возможны операционные проблемы.,high,3
C0227,2024,H3,net_margin,0.0235341157022956,-5.465103320308642,risk,"Маржа существенно ниже отрасли. Аномалия учёта, демпинг или скрытые расходы.",critical,4
C0227,2024,H4,financial_pressure_ratio,1.610939693064559,3.8959865614487748,risk,Повышенное финансовое давление по прокси-индикатору.,high,3
C0227,2024,H6,multi_flags,2,,risk,"Сработало 2 флагов (рисковых: 2): H3(-5.5), H4(fpr=1.61). Многомерная аномалия.",critical,4
C0227,2025,H3,net_margin,0.10612048254864588,-4.738753371447512,risk,"Маржа существенно ниже отрасли. Аномалия учёта, демпинг или скрытые расходы.",critical,4
C0228,2023,H3,net_margin,0.41150698665374547,2.5357136095123334,economic_signal,Маржа выше отрасли. Повышенная эффективность.,low,1
C0229,2025,H3,net_margin,0.6554445984059958,2.1090902509015597,economic_signal,Маржа выше отрасли. Повышенная эффективность.,low,1
C0231,2024,H4,financial_pressure_ratio,1.2628943202654268,2.8539340469269967,risk,Повышенное финансовое давление по прокси-индикатору.,high,3
C0234,2023,H5,rev_per_emp,1578748868,795.1576957989512,risk,Экстремальная выручка на сотрудника при headcount=1. Вероятны транзитные операции или ошибка в данных.,critical,4
C0234,2024,H5,rev_per_emp,1909479876,940.2186620198332,risk,Экстремальная выручка на сотрудника при headcount=1. Вероятны транзитные операции или ошибка в данных.,critical,4
C0234,2025,H5,rev_per_emp,1953803396,808.2836460311769,risk,Экстремальная выручка на сотрудника при headcount=1. Вероятны транзитные операции или ошибка в данных.,critical,4
C0237,2023,H3,net_margin,0.09870435741864313,-3.481535436455717,risk,"Маржа существенно ниже отрасли. Аномалия учёта, демпинг или скрытые расходы.",critical,4
C0239,2023,H5,rev_per_emp,34425311,4.1163752963868125,risk,Экстремальная выручка на сотрудника при headcount=2. Вероятны транзитные операции или ошибка в данных.,critical,4
C0239,2024,H5,rev_per_emp,25366543.666666668,3.535742608454296,risk,Экстремальная выручка на сотрудника при headcount=3. Вероятны транзитные операции или ошибка в данных.,critical,4
C0244,2025,H2,rev_growth,0.17245901241159323,0.46162583530814016,risk,Рост выручки при сокращении штата без роста производительности.,high,3
C0250,2023,H3,net_margin,0.63351713029064,2.8596879032903573,economic_signal,Маржа выше отрасли. Повышенная эффективность.,low,1
C0251,2023,H1,payout_ratio,43.56229539060439,,risk,payout_ratio >= 1.5. Агрессивная дивидендная политика.,critical,4
C0251,2023,H3,net_margin,0.0023334373633339257,-4.180086681623889,risk,"Маржа существенно ниже отрасли. Аномалия учёта, демпинг или скрытые расходы.",critical,4
C0251,2023,H6,multi_flags,2,,risk,"Сработало 2 флагов (рисковых: 2): H1(payout=43.6), H3(-4.2). Многомерная аномалия.",critical,4
C0251,2024,H1,dividends_paid,41131330,,risk,Дивиденды выплачены при убытке. Агрессивная дивидендная политика или вывод средств.,critical,4
C0251,2024,H3,net_margin,-0.0017710561703247229,-3.2536635166410455,risk,"Маржа существенно ниже отрасли. Аномалия учёта, демпинг или скрытые расходы.",critical,4
C0251,2024,H6,multi_flags,2,,risk,"Сработало 2 флагов (рисковых: 2): H1(div_at_loss), H3(-3.3). Многомерная аномалия.",critical,4
C0251,2025,H1,payout_ratio,267.75251904644875,,risk,payout_ratio >= 1.5. Агрессивная дивидендная политика.,critical,4
C0251,2025,H2,rev_growth,0.19967121806271448,0,risk,Рост выручки при сокращении штата без роста производительности.,high,3
C0251,2025,H3,net_margin,0.00015649767788818508,-3.5687995244905846,risk,"Маржа существенно ниже отрасли. Аномалия учёта, демпинг или скрытые расходы.",critical,4
C0251,2025,H6,multi_flags,3,,risk,"Сработало 3 флагов (рисковых: 3): H1(payout=267.8), H2(risk), H3(-3.6). Многомерная аномалия.",critical,4
C0252,2023,H5,rev_per_emp,11761651.333333334,4.373419627945541,economic_signal,"Выручка на сотрудника выше отрасли. Автоматизация, крупный контракт или высокая эффективность.",medium,2
C0253,2023,H3,net_margin,0.2996584049545453,2.668753322312465,economic_signal,Маржа выше отрасли. Повышенная эффективность.,low,1
C0254,2023,H1,dividends_paid,52549657,,risk,Дивиденды выплачены при убытке. Агрессивная дивидендная политика или вывод средств.,critical,4
C0254,2023,H3,net_margin,-0.0012306929504438259,-4.614823727010381,risk,"Маржа существенно ниже отрасли. Аномалия учёта, демпинг или скрытые расходы.",critical,4
C0254,2023,H6,multi_flags,2,,risk,"Сработало 2 флагов (рисковых: 2): H1(div_at_loss), H3(-4.6). Многомерная аномалия.",critical,4
C0254,2024,H1,dividends_paid,63431481,,risk,Дивиденды выплачены при убытке. Агрессивная дивидендная политика или вывод средств.,critical,4
C0254,2024,H3,net_margin,-0.0015651846420350543,-7.656237677480569,risk,"Маржа существенно ниже отрасли. Аномалия учёта, демпинг или скрытые расходы.",critical,4
C0254,2024,H5,rev_per_emp,17814523.679245282,3.5792275315487028,economic_signal,"Выручка на сотрудника выше отрасли. Автоматизация, крупный контракт или высокая эффективность.",medium,2
C0254,2024,H6,multi_flags,3,,risk,"Сработало 3 флагов (рисковых: 2): H1(div_at_loss), H3(-7.7), H5(+3.6). Многомерная аномалия.",critical,4
C0254,2025,H1,dividends_paid,49180148,,risk,Дивиденды выплачены при убытке. Агрессивная дивидендная политика или вывод средств.,critical,4
C0254,2025,H3,net_margin,-0.000558615574206925,-4.074110090759019,risk,"Маржа существенно ниже отрасли. Аномалия учёта, демпинг или скрытые расходы.",critical,4
C0254,2025,H5,rev_per_emp,18113090.118644066,3.9406165018483583,economic_signal,"Выручка на сотрудника выше отрасли. Автоматизация, крупный контракт или высокая эффективность.",medium,2
C0254,2025,H6,multi_flags,3,,risk,"Сработало 3 флагов (рисковых: 2): H1(div_at_loss), H3(-4.1), H5(+3.9). Многомерная аномалия.",critical,4
C0255,2023,H3,net_margin,0.33738814683520457,2.211176746411509,economic_signal,Маржа выше отрасли. Повышенная эффективность.,low,1
C0256,2023,H5,rev_per_emp,18099300.423076924,7.381445168403219,economic_signal,"Выручка на сотрудника выше отрасли. Автоматизация, крупный контракт или высокая эффективность.",medium,2
C0256,2024,H5,rev_per_emp,17552125.785714287,7.0104798546118525,economic_signal,"Выручка на сотрудника выше отрасли. Автоматизация, крупный контракт или высокая эффективность.",medium,2
C0256,2025,H5,rev_per_emp,24576341.25,8.891247505864467,economic_signal,"Выручка на сотрудника выше отрасли. Автоматизация, крупный контракт или высокая эффективность.",medium,2
C0258,2023,H3,net_margin,0.09388063062447718,-3.6553083427490676,risk,"Маржа существенно ниже отрасли. Аномалия учёта, демпинг или скрытые расходы.",critical,4
C0258,2023,H5,rev_per_emp,36985269.88484848,8.405288969724044,economic_signal,"Выручка на сотрудника выше отрасли. Автоматизация, крупный контракт или высокая эффективность.",medium,2
C0258,2023,H6,multi_flags,2,,economic_signal,"Сработало 2 флагов: H3(-3.7), H5(+8.4). Большинство экономически объяснимо.",medium,2
C0258,2024,H5,rev_per_emp,25784733.6142132,5.458789533462204,economic_signal,"Выручка на сотрудника выше отрасли. Автоматизация, крупный контракт или высокая эффективность.",medium,2
C0258,2025,H5,rev_per_emp,34243620.994791664,7.145897621765765,economic_signal,"Выручка на сотрудника выше отрасли. Автоматизация, крупный контракт или высокая эффективность.",medium,2
C0260,2023,H5,rev_per_emp,12534246.333333334,3.7060457614205875,economic_signal,"Выручка на сотрудника выше отрасли. Автоматизация, крупный контракт или высокая эффективность.",medium,2
C0261,2023,H4,financial_pressure_ratio,1.7873616527535368,1.7889784201781151,risk,Повышенное финансовое давление по прокси-индикатору.,high,3
C0261,2024,H2,rev_growth,0.2143305380162832,1.6225932955581825,risk,Рост выручки при сокращении штата без роста производительности.,high,3
C0261,2024,H4,financial_pressure_ratio,1.2791556493203062,0.8843212534939259,risk,Повышенное финансовое давление по прокси-индикатору.,high,3
C0261,2024,H6,multi_flags,2,,risk,"Сработало 2 флагов (рисковых: 2): H2(risk), H4(fpr=1.28). Многомерная аномалия.",critical,4
C0261,2025,H4,financial_pressure_ratio,1.513387807544524,1.5633416514723706,risk,Повышенное финансовое давление по прокси-индикатору.,high,3
C0262,2023,H5,rev_per_emp,15487365.2,3.291945911466915,economic_signal,"Выручка на сотрудника выше отрасли. Автоматизация, крупный контракт или высокая эффективность.",medium,2
C0262,2025,H5,rev_per_emp,18208488.6,3.4841669573747773,economic_signal,"Выручка на сотрудника выше отрасли. Автоматизация, крупный контракт или высокая эффективность.",medium,2
C0263,2023,H5,rev_per_emp,20955939.22513089,5.53320649129697,economic_signal,"Выручка на сотрудника выше отрасли. Автоматизация, крупный контракт или высокая эффективность.",medium,2
C0263,2024,H5,rev_per_emp,22151324.459183674,5.46127056818068,economic_signal,"Выручка на сотрудника выше отрасли. Автоматизация, крупный контракт или высокая эффективность.",medium,2
C0263,2025,H5,rev_per_emp,19819351.39267016,4.491910665200503,economic_signal,"Выручка на сотрудника выше отрасли. Автоматизация, крупный контракт или высокая эффективность.",medium,2
C0265,2023,H4,financial_pressure_ratio,1.9065143312214905,2.2770819969882568,risk,Повышенное финансовое давление по прокси-индикатору.,high,3
C0265,2024,H4,financial_pressure_ratio,1.6214711397317083,0.9865858680735029,risk,Повышенное финансовое давление по прокси-индикатору.,high,3
C0265,2025,H3,net_margin,-0.013193738336405898,-2.445244599351823,risk,Маржа ниже отрасли. Возможны операционные проблемы.,high,3
C0265,2025,H4,financial_pressure_ratio,2.95632986038989,6.880127825464368,risk,Высокое финансовое давление: opex+налоги+дивиденды слабо покрываются валовой прибылью.,critical,4
C0265,2025,H6,multi_flags,2,,risk,"Сработало 2 флагов (рисковых: 2): H3(-2.4), H4(fpr=2.96). Многомерная аномалия.",critical,4
C0267,2023,H1,dividends_paid,58867306,,risk,Дивиденды выплачены при убытке. Агрессивная дивидендная политика или вывод средств.,critical,4
C0267,2023,H3,net_margin,-0.0025249787555098008,-3.7980039878535035,risk,"Маржа существенно ниже отрасли. Аномалия учёта, демпинг или скрытые расходы.",critical,4
C0267,2023,H6,multi_flags,2,,risk,"Сработало 2 флагов (рисковых: 2): H1(div_at_loss), H3(-3.8). Многомерная аномалия.",critical,4
C0267,2024,H1,payout_ratio,129.46906114854673,,risk,payout_ratio >= 1.5. Агрессивная дивидендная политика.,critical,4
C0267,2024,H3,net_margin,0.0004384010466363866,-3.603760042568739,risk,"Маржа существенно ниже отрасли. Аномалия учёта, демпинг или скрытые расходы.",critical,4
C0267,2024,H6,multi_flags,2,,risk,"Сработало 2 флагов (рисковых: 2): H1(payout=129.5), H3(-3.6). Многомерная аномалия.",critical,4
C0267,2025,H1,dividends_paid,42797236,,risk,Дивиденды выплачены при убытке. Агрессивная дивидендная политика или вывод средств.,critical,4
C0267,2025,H3,net_margin,-0.0024220152428707465,-3.1838546615870302,risk,"Маржа существенно ниже отрасли. Аномалия учёта, демпинг или скрытые расходы.",critical,4
C0267,2025,H6,multi_flags,2,,risk,"Сработало 2 флагов (рисковых: 2): H1(div_at_loss), H3(-3.2). Многомерная аномалия.",critical,4
C0270,2023,H3,net_margin,0.1057867020319346,-2.4321652846692987,risk,Маржа ниже отрасли. Возможны операционные проблемы.,high,3
C0270,2024,H4,financial_pressure_ratio,1.221888580366603,2.9063325610079254,risk,Повышенное финансовое давление по прокси-индикатору.,high,3
C0272,2024,H2,rev_growth,0.2636894134498835,-0.5438458349108877,risk,Рост выручки при сокращении штата без роста производительности.,high,3
C0272,2024,H4,financial_pressure_ratio,1.4915046306416773,2.683181981807326,risk,Повышенное финансовое давление по прокси-индикатору.,high,3
C0272,2024,H6,multi_flags,2,,risk,"Сработало 2 флагов (рисковых: 2): H2(risk), H4(fpr=1.49). Многомерная аномалия.",critical,4
C0274,2025,H3,net_margin,0.07471781886525355,-2.22886340071209,risk,Маржа ниже отрасли. Возможны операционные проблемы.,high,3
C0274,2025,H4,financial_pressure_ratio,1.2540524124644898,1.8538970254407963,risk,Повышенное финансовое давление по прокси-индикатору.,high,3
C0274,2025,H6,multi_flags,2,,risk,"Сработало 2 флагов (рисковых: 2): H3(-2.2), H4(fpr=1.25). Многомерная аномалия.",critical,4
C0277,2024,H4,financial_pressure_ratio,1.2236952954530835,0,risk,Повышенное финансовое давление по прокси-индикатору.,high,3
C0279,2024,H4,financial_pressure_ratio,1.5125303947736597,0.716384947180665,risk,Повышенное финансовое давление по прокси-индикатору.,high,3
C0279,2025,H3,net_margin,0.13380284969978437,2.0127884431205385,economic_signal,Маржа выше отрасли. Повышенная эффективность.,low,1
C0281,2025,H3,net_margin,0.3131393580363882,2.485884611507102,economic_signal,Маржа выше отрасли. Повышенная эффективность.,low,1
C0285,2024,H4,financial_pressure_ratio,1.3949409174372622,0.42473295713931475,risk,Повышенное финансовое давление по прокси-индикатору.,high,3
C0288,2023,H5,rev_per_emp,2575310475,901.3650235212795,risk,Экстремальная выручка на сотрудника при headcount=1. Вероятны транзитные операции или ошибка в данных.,critical,4
C0288,2024,H5,rev_per_emp,2147499373,716.7823923868442,risk,Экстремальная выручка на сотрудника при headcount=1. Вероятны транзитные операции или ошибка в данных.,critical,4
C0288,2025,H5,rev_per_emp,2660170435,949.6749204717926,risk,Экстремальная выручка на сотрудника при headcount=1. Вероятны транзитные операции или ошибка в данных.,critical,4
C0289,2023,H3,net_margin,0.274140754559714,2.12526759401547,economic_signal,Маржа выше отрасли. Повышенная эффективность.,low,1
C0294,2024,H2,rev_growth,0.2009449271591106,1.865009645795278,risk,Рост выручки при сокращении штата без роста производительности.,high,3
C0299,2023,H3,net_margin,0.1140072085698772,-3.4483476517296525,risk,"Маржа существенно ниже отрасли. Аномалия учёта, демпинг или скрытые расходы.",critical,4
C0299,2024,H3,net_margin,0.1292731740725734,-5.525124011713567,risk,"Маржа существенно ниже отрасли. Аномалия учёта, демпинг или скрытые расходы.",critical,4
C0299,2025,H3,net_margin,0.09776453906888177,-3.2018644904234534,risk,"Маржа существенно ниже отрасли. Аномалия учёта, демпинг или скрытые расходы.",critical,4
C0303,2023,H3,net_margin,-0.010740737977625606,-2.156102155790953,risk,Маржа ниже отрасли. Возможны операционные проблемы.,high,3
C0303,2023,H4,financial_pressure_ratio,2.3889429173949943,3.6829040694626625,risk,Высокое финансовое давление: opex+налоги+дивиденды слабо покрываются валовой прибылью.,critical,4
C0303,2023,H6,multi_flags,2,,risk,"Сработало 2 флагов (рисковых: 2): H3(-2.2), H4(fpr=2.39). Многомерная аномалия.",critical,4
C0303,2024,H4,financial_pressure_ratio,1.3849929796257157,0.4000595261039418,risk,Повышенное финансовое давление по прокси-индикатору.,high,3
C0303,2025,H3,net_margin,-0.043653254748588666,-3.3690043439644586,risk,"Маржа существенно ниже отрасли. Аномалия учёта, демпинг или скрытые расходы.",critical,4
C0303,2025,H4,financial_pressure_ratio,2.1142926804721283,3.6278609399245796,risk,Высокое финансовое давление: opex+налоги+дивиденды слабо покрываются валовой прибылью.,critical,4
C0303,2025,H6,multi_flags,2,,risk,"Сработало 2 флагов (рисковых: 2): H3(-3.4), H4(fpr=2.11). Многомерная аномалия.",critical,4
C0305,2023,H3,net_margin,0.09669945470769754,-3.2419836001449496,risk,"Маржа существенно ниже отрасли. Аномалия учёта, демпинг или скрытые расходы.",critical,4
C0305,2024,H3,net_margin,0.06754434714994484,-4.90653183012708,risk,"Маржа существенно ниже отрасли. Аномалия учёта, демпинг или скрытые расходы.",critical,4
C0305,2024,H4,financial_pressure_ratio,1.5289961796754261,3.5999332843807474,risk,Повышенное финансовое давление по прокси-индикатору.,high,3
C0305,2024,H6,multi_flags,2,,risk,"Сработало 2 флагов (рисковых: 2): H3(-4.9), H4(fpr=1.53). Многомерная аномалия.",critical,4
C0305,2025,H3,net_margin,0.11872888773951569,-4.581577699413641,risk,"Маржа существенно ниже отрасли. Аномалия учёта, демпинг или скрытые расходы.",critical,4
C0306,2023,H4,financial_pressure_ratio,1.364861922961716,0.6986786167485751,risk,Повышенное финансовое давление по прокси-индикатору.,high,3
C0306,2025,H4,financial_pressure_ratio,1.2323567152418873,0.22148981606872298,risk,Повышенное финансовое давление по прокси-индикатору.,high,3
C0307,2023,H5,rev_per_emp,763324607.5,176.5152074106259,risk,Экстремальная выручка на сотрудника при headcount=2. Вероятны транзитные операции или ошибка в данных.,critical,4
C0307,2024,H5,rev_per_emp,738431918,135.04563533924002,risk,Экстремальная выручка на сотрудника при headcount=2. Вероятны транзитные операции или ошибка в данных.,critical,4
C0307,2025,H5,rev_per_emp,808618509,150.4070843212649,risk,Экстремальная выручка на сотрудника при headcount=2. Вероятны транзитные операции или ошибка в данных.,critical,4
C0308,2025,H2,rev_growth,0.9758755754935362,3.688024369259363,economic_signal,Рост выручки при сокращении штата с ростом rev_per_emp. Автоматизация/аутсорсинг.,medium,2
C0308,2025,H5,rev_per_emp,23505667.36956522,3.688024369259363,economic_signal,"Выручка на сотрудника выше отрасли. Автоматизация, крупный контракт или высокая эффективность.",medium,2
C0308,2025,H6,multi_flags,2,,economic_signal,"Сработало 2 флагов: H2(signal), H5(+3.7). Большинство экономически объяснимо.",medium,2
C0310,2023,H3,net_margin,0.13296054544922356,-2.211751661766338,risk,Маржа ниже отрасли. Возможны операционные проблемы.,high,3
C0311,2024,H4,financial_pressure_ratio,2.2845412255703517,4.01721309533216,risk,Высокое финансовое давление: opex+налоги+дивиденды слабо покрываются валовой прибылью.,critical,4
C0320,2024,H5,rev_per_emp,24124286.666666668,3.0096667426863015,risk,Экстремальная выручка на сотрудника при headcount=3. Вероятны транзитные операции или ошибка в данных.,critical,4
C0320,2025,H5,rev_per_emp,33105399,3.8741987921376997,risk,Экстремальная выручка на сотрудника при headcount=2. Вероятны транзитные операции или ошибка в данных.,critical,4
C0324,2023,H5,rev_per_emp,30681723.5,6.1153547108267325,risk,Экстремальная выручка на сотрудника при headcount=2. Вероятны транзитные операции или ошибка в данных.,critical,4
C0324,2025,H5,rev_per_emp,23513570,3.4328299021710666,risk,Экстремальная выручка на сотрудника при headcount=3. Вероятны транзитные операции или ошибка в данных.,critical,4
C0327,2023,H5,rev_per_emp,442044172.5,96.01873200684264,risk,Экстремальная выручка на сотрудника при headcount=2. Вероятны транзитные операции или ошибка в данных.,critical,4
C0327,2024,H5,rev_per_emp,376245110.5,71.60629306961644,risk,Экстремальная выручка на сотрудника при headcount=2. Вероятны транзитные операции или ошибка в данных.,critical,4
C0327,2025,H5,rev_per_emp,382849783.5,81.157988861904,risk,Экстремальная выручка на сотрудника при headcount=2. Вероятны транзитные операции или ошибка в данных.,critical,4
C0331,2023,H5,rev_per_emp,34255874,4.090486978640402,risk,Экстремальная выручка на сотрудника при headcount=1. Вероятны транзитные операции или ошибка в данных.,critical,4
C0331,2025,H5,rev_per_emp,39918156,5.272965666411994,risk,Экстремальная выручка на сотрудника при headcount=1. Вероятны транзитные операции или ошибка в данных.,critical,4
C0332,2023,H3,net_margin,0.04539442900483101,-4.142868853220149,risk,"Маржа существенно ниже отрасли. Аномалия учёта, демпинг или скрытые расходы.",critical,4
C0332,2023,H4,financial_pressure_ratio,1.4281726584832268,4.608673193193722,risk,Повышенное финансовое давление по прокси-индикатору.,high,3
C0332,2023,H6,multi_flags,2,,risk,"Сработало 2 флагов (рисковых: 2): H3(-4.1), H4(fpr=1.43). Многомерная аномалия.",critical,4
C0332,2024,H3,net_margin,0.07555511127443544,-6.400091405468102,risk,"Маржа существенно ниже отрасли. Аномалия учёта, демпинг или скрытые расходы.",critical,4
C0332,2025,H3,net_margin,0.02084970567850481,-3.884192323260285,risk,"Маржа существенно ниже отрасли. Аномалия учёта, демпинг или скрытые расходы.",critical,4
C0335,2023,H3,net_margin,0.11007269639189414,-2.319397366244073,risk,Маржа ниже отрасли. Возможны операционные проблемы.,high,3
C0335,2024,H3,net_margin,0.2735773163467443,2.0703223020923414,economic_signal,Маржа выше отрасли. Повышенная эффективность.,low,1
C0336,2023,H3,net_margin,0.12722454321099572,-2.4541066900438095,risk,Маржа ниже отрасли. Возможны операционные проблемы.,high,3
C0338,2024,H3,net_margin,0.06793712769334742,-2.613428893701246,risk,Маржа ниже отрасли. Возможны операционные проблемы.,high,3
C0338,2024,H5,rev_per_emp,15071707.25,3.6689911512611184,economic_signal,"Выручка на сотрудника выше отрасли. Автоматизация, крупный контракт или высокая эффективность.",medium,2
C0338,2024,H6,multi_flags,2,,economic_signal,"Сработало 2 флагов: H3(-2.6), H5(+3.7). Большинство экономически объяснимо.",medium,2
C0338,2025,H5,rev_per_emp,15144402.5,3.970219586806957,economic_signal,"Выручка на сотрудника выше отрасли. Автоматизация, крупный контракт или высокая эффективность.",medium,2
C0341,2024,H2,rev_growth,0.32563027332072747,-0.5553051070232687,risk,Рост выручки при сокращении штата без роста производительности.,high,3
C0344,2024,H5,rev_per_emp,9590199.35483871,3.08319727722534,economic_signal,"Выручка на сотрудника выше отрасли. Автоматизация, крупный контракт или высокая эффективность.",medium,2
C0345,2023,H5,rev_per_emp,65243021,14.153704815260335,risk,Экстремальная выручка на сотрудника при headcount=1. Вероятны транзитные операции или ошибка в данных.,critical,4
C0345,2024,H5,rev_per_emp,35625762.5,5.568489757896286,risk,Экстремальная выручка на сотрудника при headcount=2. Вероятны транзитные операции или ошибка в данных.,critical,4
C0345,2025,H5,rev_per_emp,46570389.5,7.749143157828887,risk,Экстремальная выручка на сотрудника при headcount=2. Вероятны транзитные операции или ошибка в данных.,critical,4
C0346,2023,H3,net_margin,0.6661108654637794,2.140227793894646,economic_signal,Маржа выше отрасли. Повышенная эффективность.,low,1
C0349,2023,H3,net_margin,0.289158741543248,2.3924988320782132,economic_signal,Маржа выше отрасли. Повышенная эффективность.,low,1
C0349,2024,H3,net_margin,0.32155970121924676,3.1068510651130086,economic_signal,Маржа существенно выше отрасли. Высокая эффективность или ценовое преимущество.,medium,2
C0349,2025,H2,rev_growth,0.4508221590632133,0.012404277236314182,risk,Рост выручки при сокращении штата без роста производительности.,high,3
C0350,2023,H4,financial_pressure_ratio,1.3763819866343312,0.7322486833893783,risk,Повышенное финансовое давление по прокси-индикатору.,high,3
C0350,2024,H4,financial_pressure_ratio,1.7369830596495073,1.2730849841563612,risk,Повышенное финансовое давление по прокси-индикатору.,high,3
C0350,2025,H4,financial_pressure_ratio,1.7818526505684305,2.343851484677903,risk,Повышенное финансовое давление по прокси-индикатору.,high,3
C0352,2023,H3,net_margin,0.34280271336298584,2.3233989632894105,economic_signal,Маржа выше отрасли. Повышенная эффективность.,low,1
C0353,2023,H3,net_margin,0.3780944934060988,-2.2794469475381636,risk,Маржа ниже отрасли. Возможны операционные проблемы.,high,3
C0353,2025,H5,rev_per_emp,22465205,4.057238637070506,risk,Экстремальная выручка на сотрудника при headcount=2. Вероятны транзитные операции или ошибка в данных.,critical,4
C0354,2023,H5,rev_per_emp,18378223,3.2503831969550583,risk,Экстремальная выручка на сотрудника при headcount=3. Вероятны транзитные операции или ошибка в данных.,critical,4
C0356,2024,H4,financial_pressure_ratio,1.4596694626999716,0.5852763107282113,risk,Повышенное финансовое давление по прокси-индикатору.,high,3
C0359,2024,H4,financial_pressure_ratio,1.2327128065144917,1.6881219862173196,risk,Повышенное финансовое давление по прокси-индикатору.,high,3
C0362,2025,H3,net_margin,0.08163851710657187,-2.2304473137695653,risk,Маржа ниже отрасли. Возможны операционные проблемы.,high,3
C0364,2024,H4,financial_pressure_ratio,1.786901091964861,1.396894476242733,risk,Повышенное финансовое давление по прокси-индикатору.,high,3
C0367,2024,H4,financial_pressure_ratio,2.0151897465541007,3.1778843132896326,risk,Высокое финансовое давление: opex+налоги+дивиденды слабо покрываются валовой прибылью.,critical,4
C0367,2025,H4,financial_pressure_ratio,1.317755780128106,0.8656966996546986,risk,Повышенное финансовое давление по прокси-индикатору.,high,3
C0371,2024,H4,financial_pressure_ratio,1.3855479205980015,0.40143592170148,risk,Повышенное финансовое давление по прокси-индикатору.,high,3
C0372,2025,H2,rev_growth,0.1928220899547275,2.719066521434831,economic_signal,Рост выручки при сокращении штата с ростом rev_per_emp. Автоматизация/аутсорсинг.,medium,2
C0373,2023,H1,dividends_paid,71404746,,risk,Дивиденды выплачены при убытке. Агрессивная дивидендная политика или вывод средств.,critical,4
C0373,2023,H3,net_margin,-0.001950654774346969,-3.9395306113457034,risk,"Маржа существенно ниже отрасли. Аномалия учёта, демпинг или скрытые расходы.",critical,4
C0373,2023,H4,financial_pressure_ratio,1.214178714551546,5.019471084047647,risk,Повышенное финансовое давление по прокси-индикатору.,high,3
C0373,2023,H6,multi_flags,3,,risk,"Сработало 3 флагов (рисковых: 3): H1(div_at_loss), H3(-3.9), H4(fpr=1.21). Многомерная аномалия.",critical,4
C0373,2024,H1,payout_ratio,110.62769908092186,,risk,payout_ratio >= 1.5. Агрессивная дивидендная политика.,critical,4
C0373,2024,H3,net_margin,0.003721803351136891,-4.156552586620195,risk,"Маржа существенно ниже отрасли. Аномалия учёта, демпинг или скрытые расходы.",critical,4
C0373,2024,H6,multi_flags,2,,risk,"Сработало 2 флагов (рисковых: 2): H1(payout=110.6), H3(-4.2). Многомерная аномалия.",critical,4
C0373,2025,H1,payout_ratio,142.70805027872055,,risk,payout_ratio >= 1.5. Агрессивная дивидендная политика.,critical,4
C0373,2025,H3,net_margin,0.003269667418757395,-4.079019163859266,risk,"Маржа существенно ниже отрасли. Аномалия учёта, демпинг или скрытые расходы.",critical,4
C0373,2025,H4,financial_pressure_ratio,1.2156942974734573,3.3839042989413803,risk,Повышенное финансовое давление по прокси-индикатору.,high,3
C0373,2025,H6,multi_flags,3,,risk,"Сработало 3 флагов (рисковых: 3): H1(payout=142.7), H3(-4.1), H4(fpr=1.22). Многомерная аномалия.",critical,4
C0379,2023,H3,net_margin,0.08035163543197091,-3.3917443916616588,risk,"Маржа существенно ниже отрасли. Аномалия учёта, демпинг или скрытые расходы.",critical,4
C0379,2024,H3,net_margin,0.08934202613025571,-4.629878842173255,risk,"Маржа существенно ниже отрасли. Аномалия учёта, демпинг или скрытые расходы.",critical,4
C0379,2025,H3,net_margin,0.09618009328217983,-4.862669706589283,risk,"Маржа существенно ниже отрасли. Аномалия учёта, демпинг или скрытые расходы.",critical,4
C0380,2024,H5,rev_per_emp,31380415.139534883,4.353805974764115,economic_signal,"Выручка на сотрудника выше отрасли. Автоматизация, крупный контракт или высокая эффективность.",medium,2
C0380,2025,H5,rev_per_emp,39361448.93333333,7.1106785475482095,economic_signal,"Выручка на сотрудника выше отрасли. Автоматизация, крупный контракт или высокая эффективность.",medium,2
C0385,2023,H5,rev_per_emp,14748938,3.084464023186844,risk,Экстремальная выручка на сотрудника при headcount=2. Вероятны транзитные операции или ошибка в данных.,critical,4
C0385,2024,H4,financial_pressure_ratio,1.4691312149087876,1.476305974222339,risk,Повышенное финансовое давление по прокси-индикатору.,high,3
C0388,2023,H4,financial_pressure_ratio,1.4979794739904049,0.9253885826132839,risk,Повышенное финансовое давление по прокси-индикатору.,high,3
C0390,2025,H3,net_margin,0.06141087523295845,-2.476437407406102,risk,Маржа ниже отрасли. Возможны операционные проблемы.,high,3
C0390,2025,H4,financial_pressure_ratio,1.2668403747618322,1.904177686802688,risk,Повышенное финансовое давление по прокси-индикатору.,high,3
C0390,2025,H6,multi_flags,2,,risk,"Сработало 2 флагов (рисковых: 2): H3(-2.5), H4(fpr=1.27). Многомерная аномалия.",critical,4
C0393,2023,H3,net_margin,0.15909480420036598,-2.1821425050536427,risk,Маржа ниже отрасли. Возможны операционные проблемы.,high,3
C0394,2024,H2,rev_growth,0.16851510032189387,1.3592337808244337,risk,Рост выручки при сокращении штата без роста производительности.,high,3
C0399,2024,H4,financial_pressure_ratio,1.8135222870451186,2.5494663673942175,risk,Повышенное финансовое давление по прокси-индикатору.,high,3
C0401,2024,H3,net_margin,-0.06362757842058399,-2.3178379204222948,risk,Маржа ниже отрасли. Возможны операционные проблемы.,high,3
C0401,2024,H4,financial_pressure_ratio,2.6441283352063207,3.5230373682108924,risk,Высокое финансовое давление: opex+налоги+дивиденды слабо покрываются валовой прибылью.,critical,4
C0401,2024,H6,multi_flags,2,,risk,"Сработало 2 флагов (рисковых: 2): H3(-2.3), H4(fpr=2.64). Многомерная аномалия.",critical,4
C0401,2025,H4,financial_pressure_ratio,1.26833400379518,0.36044774688694564,risk,Повышенное финансовое давление по прокси-индикатору.,high,3
C0404,2023,H4,financial_pressure_ratio,1.2724746759263468,0.25242505471879806,risk,Повышенное финансовое давление по прокси-индикатору.,high,3
C0409,2023,H5,rev_per_emp,25129675.333333332,10.9301998039027,risk,Экстремальная выручка на сотрудника при headcount=3. Вероятны транзитные операции или ошибка в данных.,critical,4
C0409,2024,H5,rev_per_emp,37407692,16.80439341742949,risk,Экстремальная выручка на сотрудника при headcount=2. Вероятны транзитные операции или ошибка в данных.,critical,4
C0409,2025,H5,rev_per_emp,39077478.5,14.899922772511307,risk,Экстремальная выручка на сотрудника при headcount=2. Вероятны транзитные операции или ошибка в данных.,critical,4
C0411,2024,H2,rev_growth,0.20843098267893323,-0.4600507576832886,risk,Рост выручки при сокращении штата без роста производительности.,high,3
C0412,2023,H1,dividends_paid,33766307,,risk,Дивиденды выплачены при убытке. Агрессивная дивидендная политика или вывод средств.,critical,4
C0412,2023,H3,net_margin,-0.0034559039983946362,-3.7696450853980283,risk,"Маржа существенно ниже отрасли. Аномалия учёта, демпинг или скрытые расходы.",critical,4
C0412,2023,H4,financial_pressure_ratio,1.2809765821085914,2.691454188783861,risk,Повышенное финансовое давление по прокси-индикатору.,high,3
C0412,2023,H6,multi_flags,3,,risk,"Сработало 3 флагов (рисковых: 3): H1(div_at_loss), H3(-3.8), H4(fpr=1.28). Многомерная аномалия.",critical,4
C0412,2024,H1,dividends_paid,51633753,,risk,Дивиденды выплачены при убытке. Агрессивная дивидендная политика или вывод средств.,critical,4
C0412,2024,H3,net_margin,-0.0015870413089523713,-4.194004713600435,risk,"Маржа существенно ниже отрасли. Аномалия учёта, демпинг или скрытые расходы.",critical,4
C0412,2024,H4,financial_pressure_ratio,1.228133983866777,3.163174996494855,risk,Повышенное финансовое давление по прокси-индикатору.,high,3
C0412,2024,H6,multi_flags,3,,risk,"Сработало 3 флагов (рисковых: 3): H1(div_at_loss), H3(-4.2), H4(fpr=1.23). Многомерная аномалия.",critical,4
C0412,2025,H1,payout_ratio,65.75792517052591,,risk,payout_ratio >= 1.5. Агрессивная дивидендная политика.,critical,4
C0412,2025,H3,net_margin,0.007974198677214253,-3.1222298652578817,risk,"Маржа существенно ниже отрасли. Аномалия учёта, демпинг или скрытые расходы.",critical,4
C0412,2025,H4,financial_pressure_ratio,1.666843044252314,7.304950263925216,risk,Повышенное финансовое давление по прокси-индикатору.,high,3
C0412,2025,H6,multi_flags,3,,risk,"Сработало 3 флагов (рисковых: 3): H1(payout=65.8), H3(-3.1), H4(fpr=1.67). Многомерная аномалия.",critical,4
C0413,2023,H5,rev_per_emp,24500585,4.175128152147022,risk,Экстремальная выручка на сотрудника при headcount=2. Вероятны транзитные операции или ошибка в данных.,critical,4
C0413,2024,H5,rev_per_emp,26763344,3.9820956495091693,risk,Экстремальная выручка на сотрудника при headcount=2. Вероятны транзитные операции или ошибка в данных.,critical,4
C0413,2025,H5,rev_per_emp,29659704,5.024496425827906,risk,Экстремальная выручка на сотрудника при headcount=2. Вероятны транзитные операции или ошибка в данных.,critical,4
C0417,2023,H1,payout_ratio,99.02078842318241,,risk,payout_ratio >= 1.5. Агрессивная дивидендная политика.,critical,4
C0417,2023,H3,net_margin,0.0009320224304920063,-4.075565318895425,risk,"Маржа существенно ниже отрасли. Аномалия учёта, демпинг или скрытые расходы.",critical,4
C0417,2023,H6,multi_flags,2,,risk,"Сработало 2 флагов (рисковых: 2): H1(payout=99.0), H3(-4.1). Многомерная аномалия.",critical,4
C0417,2024,H1,dividends_paid,74124993,,risk,Дивиденды выплачены при убытке. Агрессивная дивидендная политика или вывод средств.,critical,4
C0417,2024,H3,net_margin,-0.0051990313518535764,-6.898513555045318,risk,"Маржа существенно ниже отрасли. Аномалия учёта, демпинг или скрытые расходы.",critical,4
C0417,2024,H6,multi_flags,2,,risk,"Сработало 2 флагов (рисковых: 2): H1(div_at_loss), H3(-6.9). Многомерная аномалия.",critical,4
C0417,2025,H1,dividends_paid,54240726,,risk,Дивиденды выплачены при убытке. Агрессивная дивидендная политика или вывод средств.,critical,4
C0417,2025,H3,net_margin,-0.002943794021121677,-2.997560345578165,risk,Маржа ниже отрасли. Возможны операционные проблемы.,high,3
C0417,2025,H6,multi_flags,2,,risk,"Сработало 2 флагов (рисковых: 2): H1(div_at_loss), H3(-3.0). Многомерная аномалия.",critical,4
C0419,2023,H5,rev_per_emp,587433785,71.77848887380195,risk,Экстремальная выручка на сотрудника при headcount=3. Вероятны транзитные операции или ошибка в данных.,critical,4
C0419,2024,H3,net_margin,0.3562491747297339,2.731553791057979,economic_signal,Маржа выше отрасли. Повышенная эффективность.,low,1
C0419,2024,H5,rev_per_emp,661848838,110.507453020616,risk,Экстремальная выручка на сотрудника при headcount=3. Вероятны транзитные операции или ошибка в данных.,critical,4
C0419,2024,H6,multi_flags,2,,economic_signal,"Сработало 2 флагов: H3(+2.7), H5(+110.5,micro). Большинство экономически объяснимо.",medium,2
C0419,2025,H5,rev_per_emp,660535530,96.68722242524504,risk,Экстремальная выручка на сотрудника при headcount=3. Вероятны транзитные операции или ошибка в данных.,critical,4
C0421,2023,H3,net_margin,0.011226613545475295,-4.548841832779812,risk,"Маржа существенно ниже отрасли. Аномалия учёта, демпинг или скрытые расходы.",critical,4
C0421,2023,H4,financial_pressure_ratio,1.470074118589245,3.871888007222452,risk,Повышенное финансовое давление по прокси-индикатору.,high,3
C0421,2023,H6,multi_flags,2,,risk,"Сработало 2 флагов (рисковых: 2): H3(-4.5), H4(fpr=1.47). Многомерная аномалия.",critical,4
C0421,2024,H3,net_margin,0.02711702533766771,-4.862678595638257,risk,"Маржа существенно ниже отрасли. Аномалия учёта, демпинг или скрытые расходы.",critical,4
C0421,2024,H4,financial_pressure_ratio,1.836059067798284,5.05208275606863,risk,Повышенное финансовое давление по прокси-индикатору.,high,3
C0421,2024,H6,multi_flags,2,,risk,"Сработало 2 флагов (рисковых: 2): H3(-4.9), H4(fpr=1.84). Многомерная аномалия.",critical,4
C0421,2025,H3,net_margin,0.024504288834738687,-3.596176029802433,risk,"Маржа существенно ниже отрасли. Аномалия учёта, демпинг или скрытые расходы.",critical,4
C0421,2025,H4,financial_pressure_ratio,1.9283959122500918,8.018852650549134,risk,Повышенное финансовое давление по прокси-индикатору.,high,3
C0421,2025,H6,multi_flags,2,,risk,"Сработало 2 флагов (рисковых: 2): H3(-3.6), H4(fpr=1.93). Многомерная аномалия.",critical,4
C0426,2023,H4,financial_pressure_ratio,1.822178982369893,1.8928821648950345,risk,Повышенное финансовое давление по прокси-индикатору.,high,3
C0426,2025,H4,financial_pressure_ratio,1.277809310566896,0.7232432721645452,risk,Повышенное финансовое давление по прокси-индикатору.,high,3
C0427,2023,H4,financial_pressure_ratio,1.3222452864733387,0.5744915143523833,risk,Повышенное финансовое давление по прокси-индикатору.,high,3
C0427,2024,H2,rev_growth,0.17394838748617625,-0.3858927483629211,risk,Рост выручки при сокращении штата без роста производительности.,high,3
C0427,2025,H4,financial_pressure_ratio,1.345160599599374,0.6571811921810514,risk,Повышенное финансовое давление по прокси-индикатору.,high,3
C0428,2024,H2,rev_growth,0.24444719239380674,-0.5682424985031297,risk,Рост выручки при сокращении штата без роста производительности.,high,3
C0430,2023,H3,net_margin,0.4256965421538461,2.360088483911837,economic_signal,Маржа выше отрасли. Повышенная эффективность.,low,1
C0432,2025,H2,rev_growth,0.15147794455451424,0.3101879960368506,risk,Рост выручки при сокращении штата без роста производительности.,high,3
C0434,2023,H5,rev_per_emp,24850055.666666668,4.749177270665409,risk,Экстремальная выручка на сотрудника при headcount=3. Вероятны транзитные операции или ошибка в данных.,critical,4
C0434,2024,H5,rev_per_emp,25727699.333333332,4.7696900405652745,risk,Экстремальная выручка на сотрудника при headcount=3. Вероятны транзитные операции или ошибка в данных.,critical,4
C0434,2025,H5,rev_per_emp,29005332.666666668,4.815996721418814,risk,Экстремальная выручка на сотрудника при headcount=3. Вероятны транзитные операции или ошибка в данных.,critical,4
C0435,2025,H4,financial_pressure_ratio,1.3840819190053362,1.1022228787897936,risk,Повышенное финансовое давление по прокси-индикатору.,high,3
C0438,2023,H5,rev_per_emp,12752506.885714285,4.9356390149373155,economic_signal,"Выручка на сотрудника выше отрасли. Автоматизация, крупный контракт или высокая эффективность.",medium,2
C0439,2025,H3,net_margin,0.6257279978260223,2.066175150251004,economic_signal,Маржа выше отрасли. Повышенная эффективность.,low,1
C0441,2024,H3,net_margin,0.1410254893543666,-3.0026525205746615,risk,"Маржа существенно ниже отрасли. Аномалия учёта, демпинг или скрытые расходы.",critical,4
C0443,2023,H4,financial_pressure_ratio,1.2657931058713079,0.4099869144920752,risk,Повышенное финансовое давление по прокси-индикатору.,high,3
C0443,2024,H4,financial_pressure_ratio,1.386773673759873,0.40447610316207633,risk,Повышенное финансовое давление по прокси-индикатору.,high,3
C0449,2023,H5,rev_per_emp,934598038,141.65397088193686,risk,Экстремальная выручка на сотрудника при headcount=2. Вероятны транзитные операции или ошибка в данных.,critical,4
C0449,2024,H5,rev_per_emp,974740493.5,180.92300286908733,risk,Экстремальная выручка на сотрудника при headcount=2. Вероятны транзитные операции или ошибка в данных.,critical,4
C0449,2025,H5,rev_per_emp,794963725,131.97416668116227,risk,Экстремальная выручка на сотрудника при headcount=2. Вероятны транзитные операции или ошибка в данных.,critical,4
C0455,2024,H2,rev_growth,0.17900014010564824,-0.9070097421258464,risk,Рост выручки при сокращении штата без роста производительности.,high,3
C0457,2025,H3,net_margin,0.3402110430222269,2.7920859485793836,economic_signal,Маржа выше отрасли. Повышенная эффективность.,low,1
C0458,2025,H4,financial_pressure_ratio,1.3184680964500495,0.8682368966391294,risk,Повышенное финансовое давление по прокси-индикатору.,high,3
C0460,2023,H5,rev_per_emp,9479980.045454545,3.0306312309674155,economic_signal,"Выручка на сотрудника выше отрасли. Автоматизация, крупный контракт или высокая эффективность.",medium,2
C0460,2024,H5,rev_per_emp,11537497.775,4.04371747605751,economic_signal,"Выручка на сотрудника выше отрасли. Автоматизация, крупный контракт или высокая эффективность.",medium,2
C0460,2025,H5,rev_per_emp,10982515.780487806,3.258524949723445,economic_signal,"Выручка на сотрудника выше отрасли. Автоматизация, крупный контракт или высокая эффективность.",medium,2
C0461,2023,H5,rev_per_emp,23652776.666666668,4.480545267929421,risk,Экстремальная выручка на сотрудника при headcount=3. Вероятны транзитные операции или ошибка в данных.,critical,4
C0461,2025,H5,rev_per_emp,23867941,3.4991693313677397,risk,Экстремальная выручка на сотрудника при headcount=3. Вероятны транзитные операции или ошибка в данных.,critical,4
C0462,2023,H3,net_margin,0.10089311936029928,-3.2035658437985846,risk,"Маржа существенно ниже отрасли. Аномалия учёта, демпинг или скрытые расходы.",critical,4
C0462,2024,H3,net_margin,0.0878825947406251,-4.6484017342215145,risk,"Маржа существенно ниже отрасли. Аномалия учёта, демпинг или скрытые расходы.",critical,4
C0462,2025,H3,net_margin,0.047007066908181974,-5.475657895759239,risk,"Маржа существенно ниже отрасли. Аномалия учёта, демпинг или скрытые расходы.",critical,4
C0462,2025,H4,financial_pressure_ratio,1.5550721123052305,3.8667783802009548,risk,Повышенное финансовое давление по прокси-индикатору.,high,3
C0462,2025,H6,multi_flags,2,,risk,"Сработало 2 флагов (рисковых: 2): H3(-5.5), H4(fpr=1.56). Многомерная аномалия.",critical,4
C0465,2023,H3,net_margin,0.06340022402180066,-3.09202426330989,risk,"Маржа существенно ниже отрасли. Аномалия учёта, демпинг или скрытые расходы.",critical,4
C0465,2024,H3,net_margin,0.013883386471093388,-6.390100549614656,risk,"Маржа существенно ниже отрасли. Аномалия учёта, демпинг или скрытые расходы.",critical,4
C0465,2024,H4,financial_pressure_ratio,1.6780913317115547,4.488594295171791,risk,Повышенное финансовое давление по прокси-индикатору.,high,3
C0465,2024,H6,multi_flags,2,,risk,"Сработало 2 флагов (рисковых: 2): H3(-6.4), H4(fpr=1.68). Многомерная аномалия.",critical,4
C0465,2025,H3,net_margin,-0.005249813965798977,-3.023292469880203,risk,"Маржа существенно ниже отрасли. Аномалия учёта, демпинг или скрытые расходы.",critical,4
C0465,2025,H4,financial_pressure_ratio,1.757166105706994,4.740728838572244,risk,Повышенное финансовое давление по прокси-индикатору.,high,3
C0465,2025,H6,multi_flags,2,,risk,"Сработало 2 флагов (рисковых: 2): H3(-3.0), H4(fpr=1.76). Многомерная аномалия.",critical,4
C0467,2025,H3,net_margin,0.06060722421613416,-3.112886299987037,risk,"Маржа существенно ниже отрасли. Аномалия учёта, демпинг или скрытые расходы.",critical,4
C0468,2024,H3,net_margin,0.37197154139789523,2.1240313667483917,economic_signal,Маржа выше отрасли. Повышенная эффективность.,low,1
C0473,2023,H1,dividends_paid,67696716,,risk,Дивиденды выплачены при убытке. Агрессивная дивидендная политика или вывод средств.,critical,4
C0473,2023,H3,net_margin,-0.0025792511566452743,-3.058589070762287,risk,"Маржа существенно ниже отрасли. Аномалия учёта, демпинг или скрытые расходы.",critical,4
C0473,2023,H5,rev_per_emp,18652445.684210528,3.2506154190555847,economic_signal,"Выручка на сотрудника выше отрасли. Автоматизация, крупный контракт или высокая эффективность.",medium,2
C0473,2023,H6,multi_flags,3,,risk,"Сработало 3 флагов (рисковых: 2): H1(div_at_loss), H3(-3.1), H5(+3.3). Многомерная аномалия.",critical,4
C0473,2024,H1,payout_ratio,21.38375790048098,,risk,payout_ratio >= 1.5. Агрессивная дивидендная политика.,critical,4
C0473,2024,H2,rev_growth,0.20799339907642644,3.668736978060748,economic_signal,Рост выручки при сокращении штата с ростом rev_per_emp. Автоматизация/аутсорсинг.,medium,2
C0473,2024,H3,net_margin,0.0019112568901151282,-2.658830944353154,risk,Маржа ниже отрасли. Возможны операционные проблемы.,high,3
C0473,2024,H5,rev_per_emp,23783810.777777776,3.668736978060748,economic_signal,"Выручка на сотрудника выше отрасли. Автоматизация, крупный контракт или высокая эффективность.",medium,2
C0473,2024,H6,multi_flags,4,,risk,"Сработало 4 флагов (рисковых: 2): H1(payout=21.4), H2(signal), H3(-2.7), H5(+3.7). Многомерная аномалия.",critical,4
C0473,2025,H1,payout_ratio,18.676273770283785,,risk,payout_ratio >= 1.5. Агрессивная дивидендная политика.,critical,4
C0473,2025,H3,net_margin,0.002501592806288577,-4.401118866710598,risk,"Маржа существенно ниже отрасли. Аномалия учёта, демпинг или скрытые расходы.",critical,4
C0473,2025,H6,multi_flags,2,,risk,"Сработало 2 флагов (рисковых: 2): H1(payout=18.7), H3(-4.4). Многомерная аномалия.",critical,4
C0476,2023,H5,rev_per_emp,38878722.5,7.618654745359545,risk,Экстремальная выручка на сотрудника при headcount=2. Вероятны транзитные операции или ошибка в данных.,critical,4
C0476,2024,H5,rev_per_emp,33913459.5,6.1260451977868975,risk,Экстремальная выручка на сотрудника при headcount=2. Вероятны транзитные операции или ошибка в данных.,critical,4
C0476,2025,H5,rev_per_emp,31721825,5.231195448982022,risk,Экстремальная выручка на сотрудника при headcount=2. Вероятны транзитные операции или ошибка в данных.,critical,4
C0478,2025,H4,financial_pressure_ratio,1.3313859484776793,0.6039782662635443,risk,Повышенное финансовое давление по прокси-индикатору.,high,3
C0481,2023,H4,financial_pressure_ratio,1.2825254796054306,0.28241920278180194,risk,Повышенное финансовое давление по прокси-индикатору.,high,3
C0487,2023,H5,rev_per_emp,985652016,246.3192942619344,risk,Экстремальная выручка на сотрудника при headcount=2. Вероятны транзитные операции или ошибка в данных.,critical,4
C0487,2024,H5,rev_per_emp,899608194,153.68185946105874,risk,Экстремальная выручка на сотрудника при headcount=2. Вероятны транзитные операции или ошибка в данных.,critical,4
C0487,2025,H5,rev_per_emp,914733136,192.2779493614862,risk,Экстремальная выручка на сотрудника при headcount=2. Вероятны транзитные операции или ошибка в данных.,critical,4
C0497,2023,H3,net_margin,0.09302622952858429,-2.391557233350324,risk,Маржа ниже отрасли. Возможны операционные проблемы.,high,3
C0499,2024,H5,rev_per_emp,23231672.506930694,5.683387620810016,economic_signal,"Выручка на сотрудника выше отрасли. Автоматизация, крупный контракт или высокая эффективность.",medium,2
C0499,2025,H5,rev_per_emp,48553700.72190476,17.254568845248855,economic_signal,"Выручка на сотрудника выше отрасли. Автоматизация, крупный контракт или высокая эффективность.",medium,2
